name,productId,top_category,sub_category,brand,productionMethod,basePrice,priceFrom,priceTo,numColors,colors,regions,placements,minOrders,supportsBackendRendering
Bella+Canvas Unisex Heavyweight Garment-Dyed Tee,pro_mhaHjQ7GSE6OaJx1n0Y0ZA,Apparel,T-Shirts,Bella+Canvas,EMBROIDERY,19.49,19.49,23.49,6,Washed Black|Washed Charcoal|Washed Maroon|Khaki|Light Washed Denim|Vintage White,embroidery_sleeve_left_top|embroidery_sleeve_right_top|embroidery_chest_center|embroidery_chest_left,,0,False
Bella+Canvas Women's Micro Rib Raglan Baby Tee,pro_ax_jlOVKTk--CLvnuKupgw,Apparel,Crop Tops,Bella+Canvas,DTG,16.95,16.95,18.95,6,White/Black|White/Navy|White /True Royal|White/Red|White/Baby Blue|White/Pink,back|front|label_inside|label_outside,largeCenter|leftChest|centerChest,0,True
Flexfit Visor,pro_79afd248d4ff4f6da4,Accessories,Hats,Flexfit,EMBROIDERY,18.5,18.5,18.5,5,Black|Navy|Royal|Red|White,embroidery_front,,0,False
Gildan Classic Crewneck Sweatshirt,pro_60zZalF0S_qvXk3of8Sfeg,Apparel,Sweatshirts,Gildan,DTFX,18.79,18.79,26.79,25,Black|Dark Chocolate|Navy|Forest Green|Purple|Maroon|Royal|Charcoal|Dark Heather|Graphite Heather|Red|Indigo Blue|Military Green|Heliconia|Orange|Heather Deep Royal|Irish Green|Carolina Blue|Gold|Sand|Light Blue|Sport Grey|Light Pink|White|Ash,back_dtf|front_dtf|label_inside_dtf|long_sleeve_left_dtf|long_sleeve_right_dtf,fullSize|largeCenter|leftChest|centerChest,0,True
All-Over Print Backpack,pro_149a5b8d86ae4219aa,Accessories,Bags,Sublicolor,ALL_OVER_PRINT,32.95,32.95,32.95,1,All-Over Print,,,0,False
Hardcover Journal - Blank,pro_-wHFTR2xRbO-5bYAvLSVng,Accessories,Notebooks,Spoke,UV,15.5,15.5,15.5,1,White,default,front|back|fullSize,0,False
Snap Case for iPhone®,pro_fur0cz31TDC0tRUiYzJXXw,Accessories,Phone Accessories,Allcolor,SUBLIMATION,12.95,12.95,12.95,2,Glossy|Matte,default,,0,False
Hardcover Bound Notebook | JournalBook®,pro_SJmfUn0YSOOwCATTBEoQKw,Accessories,Notebooks,Spoke,UV,12.71,12.71,12.71,8,Black|Navy|Blue|Red|Turquoise|Orange|Lime|White,default,front,0,True
Bella+Canvas Baby Jersey Short Sleeve Tee,pro_zq1WLUHfRSC2G8L6BNWZVA,Apparel,Kids Clothing,Bella+Canvas,EMBROIDERY,14.21,14.21,14.21,3,Black|Pink|White,embroidery_chest_center,,0,False
Comfort Colors Garment-Dyed Heavyweight T-Shirt,pro_d0174db253d24a0099,Apparel,T-Shirts,Comfort Colors,EMBROIDERY,17.59,17.59,23.59,45,Black|True Navy|Graphite|Navy|Sage|Midnight|Pepper|Hemp|Grape|Denim|Blue Spruce|Red|Brick|Berry|Mystic Blue|Espresso|Moss|Flo Blue|Crimson|Light Green|Blue Jean|Watermelon|Yam|Paprika|Ice Blue|Grey|Violet|Seafoam|Burnt orange|Crunchberry|Granite|Khaki|Washed Denim|Terracotta|Bay|Mustard|Lagoon Blue|Orchid|Blossom|Chalky Mint|Island Reef|Ivory|Butter|Chambray|White,back|embroidery_chest_center|embroidery_chest_left|embroidery_large_center|embroidery_sleeve_left_top|embroidery_sleeve_right_top|label_outside,largeCenter|leftChest|centerChest,0,False
AS Colour Unisex Premium T-Shirt,pro_3WAxijeHRa60iWOTsmDCeA,Apparel,T-Shirts,AS Colour,DTFX,16.32,16.32,20.32,10,Black|Navy|Coal|Petrol Blue|Army|Charcoal|Bone|Natural|Ecru|White,back_large_dtf|back_large_dtf|front_large_dtf|front_large_dtf|label_inside_dtf|short_sleeve_left_dtf|short_sleeve_right_dtf,fullSize|largeCenter|leftChest|centerChest|fullSize|largeCenter|leftChest|centerChest,0,True
Bella+Canvas Supersoft Hoodie,pro_Tt13ahLqQmOs0lgYd-uRgw,Apparel,Hoodies,Bella+Canvas,DTG,31.06,31.06,33.06,12,Black Heather|Black|Forest|Maroon|Team Purple|Deep Heather|Heather Navy|True Royal|Heather Forest|Athletic Heather|Lilac|White,back|embroidery_wrist_left|embroidery_wrist_right|front|label_outside|sleeve_left|sleeve_right,largeCenter|leftChest|centerChest,0,True
Comfort Colors Garment-Dyed Heavyweight T-Shirt,pro_BiDc4qlSRFCoaUCJnkAfCg,Apparel,T-Shirts,Comfort Colors,DTFX,15.45,15.45,21.45,44,Black|True Navy|Graphite|Navy|Sage|Midnight|Pepper|Hemp|Grape|Denim|Blue Spruce|Red|Brick|Berry|Mystic Blue|Espresso|Moss|Flo Blue|Crimson|Light Green|Blue Jean|Watermelon|Yam|Paprika|Ice Blue|Grey|Violet|Seafoam|Burnt orange|Crunchberry|Granite|Khaki|Washed Denim|Terracotta|Bay|Mustard|Lagoon Blue|Blossom|Chalky Mint|Island Reef|Ivory|Butter|Chambray|White,back_dtf|back_large_dtf|front_dtf|front_large_dtf|short_sleeve_left_dtf|short_sleeve_right_dtf,fullSize|largeCenter|leftChest|centerChest|fullSize|largeCenter|leftChest|centerChest,0,True
Stanley/Stella Women's Organic Crew Neck Sweatshirt,pro_EfhZQjDdRDqvrbXEc6r9wA,Apparel,Sweatshirts,Stanley/Stella,DTG,32.88,32.88,34.88,6,Black|French Navy|Green Bay|Bubble Pink|Cool Heather Grey|White,back|embroidery_wrist_left|embroidery_wrist_right|front|label_outside,largeCenter|leftChest|centerChest,0,True
White Glossy Mug,pro_4v5OfYhyRx62KW5b7Oj6Uw,Drinkware,Coffee Mugs,Mugz,SUBLIMATION,5.95,5.95,10.5,1,White,default,front|back,0,True
 AS Colour Surf Cap,pro_tm8d4qRXTX-v8IX-TAlbYg,Accessories,Hats,AS Colour,DTFX,20.84,20.84,20.84,10,Black|Navy|Petrol Blue|Army|Atlantic|Mineral|Khaki|Ecru|Bone|White,front,,0,True
All-Over Print Fanny Pack,pro_22456d0504af4ae38f,Accessories,Bags,Sublicolor,ALL_OVER_PRINT,21.37,21.37,21.37,1,All-Over Print,,,0,False
Gildan Ultra Cotton Long Sleeve T-Shirt,pro_6ae602fcb22447bfbc,Apparel,Long Sleeve Tees,Gildan,DTG,14.79,14.79,20.79,15,Black|Navy|Maroon|Forest Green|Royal|Military Green|Red|Indigo Blue|Sport Grey|Irish Green|Light Blue|Sand|Light Pink|Ash|White,sleeve_right|back|back_large|embroidery_wrist_left|embroidery_wrist_right|front|front_large|label_inside|label_outside|sleeve_left,fullSize|largeCenter|leftChest|centerChest|fullSize|largeCenter|leftChest|centerChest,0,True
Men's Slides,pro_qNudZcUDRb6bwV4IK3GxBA,Accessories,Shoes,Allcolor,SUBLIMATION,32.5,32.5,32.5,2,Black|White,,,0,False
AS Colour Unisex Premium T-Shirt,pro_EJBSRKhJSd2unv4ZnGKwdQ,Apparel,T-Shirts,AS Colour,DTG,16.32,16.32,20.32,10,Black|Navy|Coal|Petrol Blue|Army|Charcoal|Bone|Natural|Ecru|White,front_large|label_inside|label_outside|sleeve_left|sleeve_right|back_large|back_large|front_large,fullSize|largeCenter|leftChest|centerChest|fullSize|largeCenter|leftChest|centerChest,0,True
Sherpa Vacuum Tumbler & Insulator,pro_tC5lJsKHR_qTF1VlrNpsoQ,Drinkware,Tumblers,Spoke,UV,18.95,18.95,18.95,7,Black|Navy|Gray|Orange|Turquoise|Lime|White,default,front,0,True
Gildan Classic Hoodie,pro_955a8fc6bc9b4b068f,Apparel,Hoodies,Gildan,EMBROIDERY,23.43,23.43,31.43,26,Black|Dark Chocolate|Forest Green|Navy|Purple|Maroon|Charcoal|Royal|Heather Sport Dark Navy|Dark Heather|Graphite Heather|Red|Indigo Blue|Military Green|Irish Green|Heliconia|Orange|Carolina Blue|Azalea|Gold|Light Blue|Sport Grey|Light Pink|Sand|Ash|White,back|embroidery_chest_center|embroidery_chest_left|embroidery_large_center|embroidery_wrist_left|embroidery_wrist_right|label_inside_dtf|label_outside,,0,False
Bella+Canvas Supersoft Long Sleeve T-Shirt,pro_6z4GUurATC2-mwQ_hms_5g,Apparel,Long Sleeve Tees,Bella+Canvas,DTFX,18.29,18.29,20.29,15,Black Heather|Black|Navy|Maroon|Heather Forest|Dark Grey Heather|True Royal|Heather Deep Teal|Red|Military Green|Heather Mauve|Storm|Athletic Heather|Gold|White,back_large_dtf|back_large_dtf|front_large_dtf|front_large_dtf|label_inside_dtf,fullSize|largeCenter|leftChest|centerChest|fullSize|largeCenter|leftChest|centerChest,0,True
Men's High Top Canvas Shoes,pro_y9TCXB9rQRizgS4WXaHHtg,Accessories,Shoes,Allcolor,SUBLIMATION,43.0,43.0,43.0,2,Black|White,,,0,False
Bella+Canvas Unisex Midweight Sweatpants,pro_V7qS5M2SQheH2blj_fACEQ,Apparel,Bottoms,Bella+Canvas,DTFX,36.5,36.5,40.5,6,Black|Navy|Asphalt|Athletic Heather|Dust|Vintage Heather Grey,back_bottom_leg_left_dtf|back_bottom_leg_right_dtf|front_bottom_leg_left_dtf|front_bottom_leg_right_dtf,,0,True
Bella+Canvas Women's Garment Dye Shorts,pro_1BGgRpFrQCSYM5ErNQXkkA,Apparel,Bottoms,Bella + Canvas,DTFX,24.75,24.75,26.75,3,Washed Black|Light Washed Denim|Vintage White,back_bottom_leg_left_dtf|back_bottom_leg_right_dtf|front_bottom_leg_left_dtf|front_bottom_leg_right_dtf,,0,True
Gildan Classic Hoodie,pro_gUu4CvXsRm-BxogjB89KzA,Apparel,Hoodies,Gildan,DTG,22.2,22.2,30.2,26,Black|Maroon|Dark Chocolate|Forest Green|Navy|Purple|Charcoal|Royal|Red|Heather Sport Dark Navy|Indigo Blue|Military Green|Graphite Heather|Dark Heather|Irish Green|Heliconia|Orange|Carolina Blue|Azalea|Gold|Sport Grey|Light Blue|Light Pink|Sand|Ash|White,back|back_large|embroidery_wrist_left|embroidery_wrist_right|front|label_inside_dtf|label_outside|sleeve_left|sleeve_right,fullSize|largeCenter|leftChest|centerChest,0,True
All-Over Print Drawstring Bag,pro_9225cd05703244a291,Accessories,Bags,Sublicolor,SUBLIMATION,15.25,15.25,15.25,1,White,,,0,False
Cotton Heritage Men's Box Tee,pro_zSl4k_QzQ6uqTqwe-pqMGA,Apparel,T-Shirts,Cotton Heritage,DTG,17.25,17.25,23.25,5,Black|Navy Blazer|Vintage Black|Vintage White|White,back|front|label_inside|sleeve_left|sleeve_right,fullSize|largeCenter|leftChest|centerChest,0,True
All-Over Print Kids Leggings,pro_cf65a8a7d3a94c4ca7,Apparel,Kids Clothing,Sublicolor,ALL_OVER_PRINT,18.31,18.31,18.31,1,All-Over Print,,,0,False
Cotton Heritage Unisex Fleece Joggers,pro_2fd801a1877f4ebc83,Apparel,Bottoms,Cotton Heritage,DTG,29.39,29.39,31.39,9,Black|Navy Blazer|Maroon|Charcoal Heather|Team Royal|Military Green|Dusty Rose|Carbon Grey|White,leg_back_left|leg_back_right|leg_front_left|leg_front_right,,0,True
Cotton Heritage Unisex Premium Hoodie,pro_380,Apparel,Hoodies,Cotton Heritage,DTG,27.29,27.29,31.29,21,Black|Navy Blazer|Charcoal Heather|Vintage Black|Team Royal|Maroon|Forest Green|Purple|Military Green|Team Red|Adobe|Latte|Dusty Rose|Team Gold|Carbon Grey|Light Pink|Lavender|Bone|Oatmeal Heather|Sky Blue|White,back_large|back_large|embroidery_wrist_left|embroidery_wrist_right|front|label_inside|label_outside|sleeve_left|sleeve_right,fullSize|largeCenter|leftChest|centerChest,0,True
Stanley/Stella Women's Organic Crew Neck Sweatshirt,pro_JKZWHm1OQWSGzgPYB3kYFw,Apparel,Sweatshirts,Stanley/Stella,EMBROIDERY,35.67,35.67,37.67,6,Black|French Navy|Green Bay|Bubble Pink|Cool Heather Grey|White,embroidery_chest_center|embroidery_chest_left|embroidery_large_front|embroidery_wrist_left|embroidery_wrist_right,,0,False
"Desk Mat 12"" x 22""",pro_da990f3f6771499a9f,Accessories,Desk Mats,Spoke,SUBLIMATION,11.5,11.5,11.5,1,All-Over Print,default,fullSize|largeCenter|logo,0,True
Bella+Canvas Toddler T-Shirt,pro_w_7C1xyySHiquXONlBoWrA,Apparel,Kids Clothing,Bella+Canvas,EMBROIDERY,14.02,14.02,14.02,4,Black|Heather Columbia Blue|Pink|White,embroidery_chest_center|embroidery_chest_left,,0,False
Christmas Stocking,pro_N5AoSUPYR02t-KHfllNdrQ,Home & Living,Holiday,Allcolor,SUBLIMATION,10.95,,,1,White,,,0,False
"Desk Mat 15.5"" x 31.5""",pro_a0e4db25108747b496,Accessories,Desk Mats,Allcolor,SUBLIMATION,13.0,13.0,13.0,1,All-Over Print,default,fullSize|largeCenter|logo,0,True
Enamel Camp Mug,pro_edded89f55cc4be2b0,Drinkware,Coffee Mugs,Mugz,SUBLIMATION,12.42,12.42,12.42,1,White,default,front|back,0,True
Shaka Wear Unisex Garment-Dyed Drop Shoulder Tee,pro_joaVqTzETh6hHGSLsikJJQ,Apparel,T-Shirts,Shaka Wear,DTFX,19.95,19.95,21.95,3,Black|Shadow|White,back|front|label_inside|sleeve_left|sleeve_right,largeCenter|leftChest|centerChest,0,True
Stanley/Stella Unisex Essential Organic Hoodie,pro_xH5FAJwbQ6mXOrGxMuhZ3Q,Apparel,Hoodies,Stanley/Stella,EMBROIDERY,42.83,42.83,50.83,6,Black|French Navy|India Ink Grey|Desert Dust|Heather Grey|White,embroidery_chest_center|embroidery_chest_left|embroidery_large_front|embroidery_wrist_left|embroidery_wrist_right,,0,False
All-Over Print Skater Dress,pro_386c05f635934cc893,Apparel,Dresses,Sublicolor,SUBLIMATION,35.5,35.5,37.0,1,White,back|bottom_front|front|label_inside|top_back|top_front,,0,False
All-Over Print Women's Rash Guard,pro_cbc83ea461844ea19e,Apparel,Long Sleeve Tees,Sublicolor,SUBLIMATION,34.63,34.63,38.63,1,White,,,0,False
All-Over Print Plus Size Leggings,pro_d6cdcc76a68f456181,Apparel,Bottoms,Sublicolor,SUBLIMATION,34.59,34.59,42.59,1,White,,,0,False
Champion Men’s Crewneck Sweatshirt,pro_608f843c73bc411295,Apparel,Sweatshirts,Champion,EMBROIDERY,49.0,49.0,51.0,1,Black,back|embroidery_chest_center|embroidery_chest_left|embroidery_large_center|embroidery_wrist_right,,0,False
Bella+Canvas Women's Supersoft Relaxed-fit T-Shirt,pro_6AanP-RRS1mRYvvJZkaQ5A,Apparel,T-Shirts,Bella+Canvas,EMBROIDERY,14.78,14.78,18.78,23,Black|Maroon|Forest Green|Navy|Dark Grey Heather|Heather Navy|Military Green|Heather Deep Teal|Heather True Royal|Heather Mauve|Mauve|Heather Red|Leaf|Athletic Heather|Heather Marmalade|Heather Blue Lagoon|Sage|Heather Stone|Light Violet|Pink|White|Natural|Vintage White,embroidery_large_center|embroidery_sleeve_left_top|embroidery_sleeve_right_top|embroidery_chest_center|embroidery_chest_left,largeCenter|leftChest|centerChest,0,False
Soy Wax Candle In A Clear Glass Jar,pro_N__f9U5XQJqcP_oCvwk2rw,Home & Living,Candles,Allcolor,PRINTED,12.95,12.95,12.95,1,White,default,,0,True
Stanley/Stella Unisex Eco Sweatshirt,pro_34ff78d967d045089f,Apparel,Sweatshirts,Stanley/Stella,EMBROIDERY,35.75,35.75,37.75,4,Black|French Navy|Canyon Pink|White,embroidery_chest_left|embroidery_large_center|embroidery_wrist_left|embroidery_wrist_right|label_inside|label_outside|back|embroidery_chest_center,largeCenter|leftChest|centerChest,0,False
Thor Clear Tritan Sports Bottle,pro_Ev93jJN7Sg2shZI9WjJKqg,Drinkware,Water Bottles,Spoke,UV,15.95,15.95,15.95,1,Clear,default,front,0,True
All-Over Print Youth Swimsuit,pro_29fbc999ea114ad187,Apparel,Swimwear,Sublicolor,ALL_OVER_PRINT,24.95,24.95,24.95,1,All-Over Print,,,0,False
Gildan Ultra Cotton Long Sleeve T-Shirt,pro_zMlLaKnVTmqQO7ZMMwH_8A,Apparel,Long Sleeve Tees,Gildan,DTFX,14.79,14.79,24.79,18,Black|Navy|Forest Green|Cardinal Red|Purple|Royal|Military Green|Red|Dark Heather|Charcoal|Irish Green|Sport Grey|Safety Orange|Gold|Light Blue|Ash Grey|Light Pink|White,back|front|label_inside|sleeve_left|sleeve_right,largeCenter|leftChest|centerChest,0,True
BagBase Cotton Color Tote Bag,pro_MiArqqqJQRq310oBPxSdIw,Accessories,Bags,BagBase,EMBROIDERY,11.73,11.73,11.73,12,Black|French Navy|Burgundy|Bottle Green|Classic Red|Orange|Coral|Mustard|Light Grey|Classic Pink|Mint|Natural,embroidery_apparel_back|embroidery_apparel_front,,0,False
Desk Mat,pro_Uk65hmksSje_qsiNsgau5A,Accessories,Desk Mats,Sublicolor,SUBLIMATION,10.15,10.15,15.91,1,Black,default,,0,False
Cotton Heritage Premium Sweatshirt,pro_1eLW7ATDQb28GlzE_0faGA,Apparel,Sweatshirts,Cotton Heritage,DTFX,23.73,23.73,27.73,19,Black|Navy Blazer|Charcoal Heather|Vintage Black|Team Royal|Forest Green|Cardinal|Team Red|Adobe|Latte|Khaki|Dusty Rose|Carbon Grey|Agave|Light Pink|Lavender|Bone|Sky Blue|White,back_dtf|back_large_dtf|front_dtf|front_large_dtf|label_inside_dtf|long_sleeve_left_dtf|long_sleeve_right_dtf,fullSize|largeCenter|leftChest|centerChest|fullSize|largeCenter|leftChest|centerChest,0,True
Port Authority Embroidered Premium Sherpa Blanket,pro_339e20ee1a0d4fbf90,Home & Living,Blankets,Port Authority,EMBROIDERY,46.5,46.5,46.5,3,Black|Fireside Brown|Heather Grey,,,0,False
Stanley/Stella Unisex Organic Side Pocket Hoodie,pro_MM5b96z_SmuzWjmL8hmSOw,Apparel,Hoodies,Stanley/Stella,DTG,39.0,39.0,41.0,4,Black|French Navy|Heather Grey|White,label_outside|sleeve_left|sleeve_right|back|front|label_inside,largeCenter|leftChest|centerChest,0,True
Beechfield Corduroy Dad Hat,pro_OJY6MToERs-eWVF43kIEbA,Accessories,Hats,Beechfield,DTFX,15.95,15.95,15.95,4,Black|Oxford Navy|Dark Olive|Camel,front_dtf_hat,,0,True
Cotton Heritage Premium Sweatshirt,pro_c49cab91050c41dd96,Apparel,Sweatshirts,Cotton Heritage,DTG,23.73,23.73,27.73,19,Black|Navy Blazer|Charcoal Heather|Vintage Black|Team Royal|Forest Green|Cardinal|Team Red|Adobe|Latte|Khaki|Dusty Rose|Carbon Grey|Agave|Light Pink|Lavender|Bone|Sky Blue|White,back|back_large|embroidery_wrist_left|embroidery_wrist_right|front_large|front_large|label_inside|label_outside|sleeve_left|sleeve_right,fullSize|largeCenter|leftChest|centerChest|fullSize|largeCenter|leftChest|centerChest,0,True
All-Over Print Women's Cropped Windbreaker,pro_5814NoKJQH6eXQTHvl2xIA,Apparel,Jackets,Sublicolor,SUBLIMATION,35.99,35.99,37.99,2,Black|White,,,0,False
AirPods Case,pro_mBFhqBDUTum4XP311poo9Q,Accessories,Phone Accessories,Allcolor,SUBLIMATION,10.15,10.15,10.15,9,Black|Navy|Red|Grey|Blue|Pink|Yellow|Mint|White,,,0,False
Econscious Organic Dad Hat,pro_UxXgAeF6SXuFiUSxTKL1vg,Accessories,Hats,Econscious,DTFX,15.85,15.85,15.85,5,Black|Pacific|Charcoal|Jungle|Oyster,front_dtf_hat,,0,True
 Lane Seven Unisex Super Heavyweight Hoodie ,pro_MOOJjZS4R4q_jzbhXpu6Pw,Apparel,Hoodies,Lane Seven,DTFX,38.85,38.85,42.95,6,Black|Chocolate Brown|Asphalt|Arona|Moss Gray|Cream,back_dtf|front_dtf|label_inside_dtf|long_sleeve_left_dtf|long_sleeve_right_dtf,largeCenter|leftChest|centerChest,0,True
Yupoong Classic Dad Hat,pro_9qrmiEUEQ9-fq-zYZOr4ww,Accessories,Hats,Yupoong,EMBROIDERY,15.65,15.65,15.65,10,Black|Navy|Dark Grey|Cranberry|Spruce|Khaki|Stone|Pink|Light Blue|White,embroidery_back|embroidery_front|embroidery_front_large|embroidery_left|embroidery_right,,0,False
All-Over Print Minimalist Backpack,pro_f5fdfe4ae25248499e,Accessories,Bags,Sublicolor,ALL_OVER_PRINT,33.95,33.95,33.95,1,All-Over Print,,,0,False
Stanley/Stella Unisex Zip Hoodie,pro_rnzUinMWTei6fUsrzAIMZg,Apparel,Sweatshirts,Stanley/Stella,DTG,47.45,47.45,55.45,10,Black|Dark Heather Grey|French Navy|Stargazer|Khaki Green|Heather Grey|Latte|Blue Soul|Natural Raw|White,back|front|label_inside|sleeve_left|sleeve_right,leftChest,0,True
All-Over Print Kids Rash Guard,pro_31c84f7365a3487db9,Apparel,Kids Clothing,Sublicolor,ALL_OVER_PRINT,23.41,23.41,23.41,1,All-Over Print,,,0,False
Embroidered Cooking Apron,pro_87106e8200b84e15b9,Home & Living,Aprons,Liberty Bags,EMBROIDERY,17.95,17.95,17.95,2,Black|White,,,0,False
Cotton Heritage Women's High-Waisted Tee,pro_epSQe0OWTeKpZRUuxRIG8g,Apparel,T-Shirts,Cotton Heritage,EMBROIDERY,14.95,14.95,14.95,7,Black|Vintage Black|Pine|Latte|Red Sorbet|Artichoke|White,back|embroidery_chest_center|embroidery_chest_left|embroidery_large_center|embroidery_sleeve_left_top|embroidery_sleeve_right_top|label_inside|label_outside,,0,False
Champion Long Sleeve Shirt,pro_99dc11a51e574aec87,Apparel,Long Sleeve Tees,Champion,DTG,25.3,25.3,27.3,2,Black|White,back|embroidery_wrist_right|front|sleeve_left|sleeve_right,largeCenter|leftChest|centerChest,0,True
Cotton Heritage Men's Premium Heavyweight Tee,pro_573566ef15794bf3ac,Apparel,T-Shirts,Cotton Heritage,DTG,16.85,16.85,22.85,7,Black|Charcoal Heather|Brick Red|Agave|Carbon Grey|Vintage Gold|White,front_large|label_inside|label_outside|back_large|back_large|front_large,largeCenter|leftChest|centerChest|fullSize|largeCenter|leftChest|centerChest|fullSize,0,True
Yupoong Retro Trucker Hat,pro_edf6683f16cb4cf49b,Accessories,Hats,Yupoong,EMBROIDERY,17.5,17.5,17.5,15,Black|Navy|Charcoal|Dark Heather Gray|Cranberry|Brown/ Khaki|Evergreen|Red|Caramel|Silver|Khaki|Pink|Moss/ Khaki|Heather Grey/White|White,embroidery_front_large,,0,False
AS Colour Unisex Premium Heavyweight Long Sleeve Shirt,pro_ptaHHIL2RO-IQ074-UoM9A,Apparel,Long Sleeve Tees,AS Colour,DTFX,25.31,25.31,29.31,6,Black|Midnight Blue|Cypress|Clay|Butter|Ecru,back_large_dtf|back_large_dtf|front_large_dtf|front_large_dtf|long_sleeve_left_dtf|long_sleeve_right_dtf,largeCenter|leftChest|centerChest|largeCenter|leftChest|centerChest,0,True
Comfort Colors Unisex Garment-Dyed Fleece Crewneck Sweatshirt,pro_WMCMF14xT3WRZgUp_eS9Ow,Apparel,Sweatshirts,Comfort Colors,DTG,27.95,27.95,31.95,10,Black|Pepper|Crimson|Espresso|Blue Jean|Yam|Peachy|Ivory|Butter|White,sleeve_right|back_large|back_large|front_large|front_large|label_outside|sleeve_left,largeCenter|leftChest|centerChest|largeCenter|leftChest|centerChest,0,True
All-Over Print Leggings,pro_26e320173a5c414aa5,Apparel,Bottoms,Sublicolor,ALL_OVER_PRINT,23.41,23.41,23.41,1,All-Over Print,,,0,False
Cotton Heritage Men's Premium Short Sleeve Tee,pro_LLwXvCN7RjiTe_J3N4EYBA,Apparel,T-Shirts,Cotton Heritage,DTFX,13.25,13.25,17.25,5,Black|Navy Blazer|Vintage Black|Vintage White|White,back_large_dtf|back_large_dtf|front_large_dtf|front_large_dtf|label_inside_dtf|short_sleeve_left_dtf|short_sleeve_right_dtf,largeCenter|leftChest|centerChest|largeCenter|leftChest|centerChest,0,True
Comfort Colors Youth Garment-Dyed Fleece Hooded Sweatshirt,pro_sq5I26VeQnyWVNLOtra97w,Apparel,Kids Clothing,Comfort Colors,EMBROIDERY,27.95,27.95,27.95,7,Black|Crimson|Grey|Blue Jean|Peachy|Chalky Mint|Ivory,embroidery_chest_center|embroidery_chest_left,,0,False
Cotton Heritage Box Hoodie,pro_31mYu_1cTt6N_qiDZs3_1Q,Apparel,Hoodies,Cotton Heritage,EMBROIDERY,33.49,33.49,37.49,6,Black|Navy Blazer|Vintage Black|Carbon Grey|Bone|White,embroidery_chest_center|embroidery_chest_left|embroidery_large_front|embroidery_wrist_left|embroidery_wrist_right,largeCenter|leftChest|centerChest,0,False
All-Over Print Tank Top,pro_97e7d2acfa5f4375bb,Apparel,Tank Tops,Sublicolor,ALL_OVER_PRINT,20.35,20.35,22.35,1,All-Over Print,,,0,False
All-Over Print Sports Bra,pro_7ce95852dc604199b4,Apparel,Activewear,Sublicolor,ALL_OVER_PRINT,24.43,24.43,26.43,2,Black|White,,,0,False
All-Over Print Utility Backpack,pro_ICJk1KQhSrCbuv9Mf6AFtw,Accessories,Bags,Sublicolor,SUBLIMATION,45.0,45.0,45.0,2,Black|White,,,0,False
Champion Unisex Hoodie,pro_P7b01IqxTie9MPJRo16ftg,Apparel,Hoodies,Champion,EMBROIDERY,38.0,38.0,42.0,2,Black|Light Steel,embroidery_chest_center|embroidery_chest_left|embroidery_large_front|embroidery_wrist_right,,0,False
Otto Foam Trucker Hat,pro_fy5YZDa9Sw-sCWYqBQ5Mvg,Accessories,Hats,Otto Cap,DTFX,11.45,11.45,11.45,6,Black|Black / White / Black|Navy|Red|Blue / White / Blue|White,front_dtf_hat,,0,True
All-Over Print Shorts,pro_2c9db4638f4a46ddb1,Apparel,Bottoms,Sublicolor,ALL_OVER_PRINT,18.82,18.82,22.82,1,All-Over Print,,,0,False
SOCCO Embroidered Crew Socks,pro_5c050a83edbe4512bf,Accessories,Socks,SOCCO,EMBROIDERY,23.5,23.5,23.5,3,Black|Heather Grey|White,,,0,False
Lane Seven Urban Hoodie Garment Dyed,pro_11FMuGWJQBubJq_HHwQIVg,Apparel,Hoodies,Lane Seven,DTG,35.95,35.95,39.95,3,Pigment Midnight Navy|Pigment Burro|Pigment Lunar Rock,back_large|back_large|front|label_outside|sleeve_left|sleeve_right,largeCenter|leftChest|centerChest,0,True
BagBase Urban Crossbody Bag,pro_iuYHsSJQR5qfnaS_DiQ9tQ,Accessories,Bags,BagBase,DTFX,26.94,26.94,26.94,2,Black|Natural Stone,front_dtf_backpack,,0,True
All-Over Print Yoga Shorts,pro_c50398010c644fd0a0,Apparel,Bottoms,Sublicolor,SUBLIMATION,22.95,22.95,22.95,1,White,,,0,False
Bella+Canvas Jersey Tank,pro_xPL7YjOBRQWVL50Im8eKAA,Apparel,Tank Tops,Bella+Canvas,DTG,14.2,14.2,16.2,6,Black|Navy|True Royal|Red|Athletic Heather|White,back|front|label_inside|label_outside,largeCenter|leftChest|centerChest,0,True
Comfort Colors Unisex Garment-Dyed Fleece Hooded Sweatshirt,pro_2ASanCB9QcmAuVHyVqp4fQ,Apparel,Hoodies,Comfort Colors,EMBROIDERY,32.95,32.95,36.95,9,Black|Pepper|Blue Jean|Grey|Peachy|Ivory|Butter|Hydrangea|White,embroidery_chest_center|embroidery_chest_left|embroidery_large_front|embroidery_wrist_left|embroidery_wrist_right,largeCenter|leftChest|centerChest,0,False
Bella+Canvas Women's Micro Rib Raglan Baby Tee,pro_8-Q6ojdASCqwX60LQsGBwg,Apparel,Crop Tops,Bella+Canvas,EMBROIDERY,18.95,18.95,20.95,6,White/Black|White/Navy|White /True Royal|White/Red|White/Baby Blue|White/Pink,embroidery_chest_center,,0,False
Bella+Canvas Unisex Oversized Midweight Sweatshirt,pro_lrSIwpEBTqmNuYgkngphVQ,Apparel,Sweatshirts,Bella+Canvas,DTG,32.5,32.5,36.5,7,Vintage Black|Black|Navy|Maroon|Athletic Heather|Dust|White,back|front|front_large|label_outside|sleeve_left|sleeve_right,fullSize|largeCenter|leftChest|centerChest|fullSize|largeCenter|leftChest|centerChest,0,True
Cotton Heritage Men's Premium Tank Top,pro_30b82b45c67847e090,Apparel,Tank Tops,Cotton Heritage,EMBROIDERY,16.5,16.5,20.5,13,Black|Team Royal|Charcoal Heather|Harbor Blue|Navy|Military Green|Red|Coral|Athletic Heather|Squash|Pacific Blue|Mint|White,back|embroidery_chest_center|embroidery_chest_left|label_inside|label_outside,,0,False
All-Over Print Recycled Padded Bikini Top,pro_59cd3c45c45243a180,Apparel,Swimwear,Sublicolor,ALL_OVER_PRINT,21.99,21.99,25.99,1,All-Over Print,,,0,False
Independent Trading Co. Women’s Lightweight Cropped Hoodie,pro_kPIbbXXrRqWd4V_46kWf1A,Apparel,Crop Tops,Independent Trading Co.,DTFX,31.43,31.43,34.89,6,Black|Sage|Grey Heather|Blush|Bone |White,back|front|sleeve_left|sleeve_right,largeCenter|leftChest|centerChest,0,True
Husky Denim T-Shirt,pro_094123c3de2846919f,Apparel,T-Shirts,Husky,EMBROIDERY,20.25,20.25,22.25,4,Black|Garnet Red|Dark Army Green|Denim Blue,embroidery_chest_center|embroidery_chest_left,,0,False
Stanley/Stella Unisex Eco Sweatshirt,pro_6695501bccab43a481,Apparel,Sweatshirts,Stanley/Stella,DTG,35.0,35.0,36.5,4,Black|French Navy|Canyon Pink|White,back|front|sleeve_left|sleeve_right,fullSize|largeCenter|leftChest|centerChest,0,True
Cotton Heritage Box Hoodie,pro_LZfMO9XdSLq9jZ9WyzejRw,Apparel,Hoodies,Cotton Heritage,DTG,30.39,30.39,34.39,6,Black|Navy Blazer|Vintage Black|Carbon Grey|Bone|White,back|front|label_outside|sleeve_left|sleeve_right,largeCenter|leftChest|centerChest,0,True
Gildan Lightweight Fashion Short Sleeve T-Shirt,pro_5786d059adeb42899b,Apparel,T-Shirts,Gildan,DTG,14.95,14.95,18.95,11,Black|Maroon|Heather Dark Grey|Independence Red|Purple|Heather Blue|Royal Blue|Red|Heather Purple|Heather Grey|White,front_large|label_inside|label_outside|sleeve_left|sleeve_right|back|back_large|front,fullSize|largeCenter|leftChest|centerChest|fullSize|largeCenter|leftChest|centerChest,0,True
LAT Unisex Fine Jersey Tee,pro_rkWo0swHRROhNgJEeNQR_A,Apparel,T-Shirts,LAT,DTG,11.49,11.49,17.49,7,Black|Navy|Coyote Brown|Heather|Light Blue|Natural|White,back|front|label_inside|label_outside|sleeve_left|sleeve_right,largeCenter|leftChest|centerChest|largeCenter|leftChest|centerChest,0,True
Stanley/Stella Unisex Organic T-Shirt,pro_IonNlU72RsCT7yj1TGWmFA,Apparel,T-Shirts,Stanley/Stella,DTG,14.52,14.52,16.52,7,Black|French Navy|Anthracite|Desert Dust|Heather Grey|Vintage White|White,back_large|back_large|front_large|front_large|label_inside|label_outside|sleeve_left|sleeve_right,largeCenter|leftChest|centerChest|largeCenter|leftChest|centerChest,0,True
All-Over Print Women's Long Sleeve Pajama Top,pro_PAOdznORTp-UnxI8sfxopw,Apparel,Sleepwear,Sublicolor,SUBLIMATION,27.99,27.99,29.99,2,Black|White,back|default|front|label_inside|sleeve_right|pocket|sleeve_left,,0,False
Otto Cap Mid-Profile Baseball Cap,pro_yik3Xfh7RlmBN1yymFa6JA,Accessories,Hats,Otto Cap,DTFX,12.97,12.97,12.97,7,Black|Navy/Natural|Black/Natural|Dark Green/Natural|Royal/Natural|Red/Natural|White,front_dtf_hat,fullSize,0,True
Stanley/Stella Unisex Essential Eco Hoodie,pro_ace97e7bf0c64e98ba,Apparel,Hoodies,Stanley/Stella,DTG,33.2,33.2,34.75,6,Black|French Navy|Heather Grey|Canyon Pink|Desert Dust|White,back|embroidery_wrist_left|embroidery_wrist_right|front|label_inside|sleeve_left|sleeve_right,fullSize|largeCenter|leftChest|centerChest,0,True
Cotton Heritage Men's Premium Heavyweight Tee,pro_gpqWG4EBSlCIgxJSM-26Aw,Apparel,T-Shirts,Cotton Heritage,DTFX,16.85,16.85,22.85,7,Black|Charcoal Heather|Brick Red|Agave|Carbon Grey|Vintage Gold|White,back_large_dtf|back_large_dtf|front_large_dtf|front_large_dtf|label_inside_dtf|short_sleeve_left_dtf|short_sleeve_right_dtf,largeCenter|leftChest|centerChest|fullSize|largeCenter|leftChest|centerChest|fullSize,0,True
LA Apparel Womens Ribbed Baby Tee Crop Top,pro_eyZIwAjKTNOwvfnmukcbqg,Apparel,Crop Tops,LA Apparel,DTFX,23.64,23.64,23.64,5,Black|Brown|Red|White|Light Pink,back|front|label_inside,largeCenter|leftChest|centerChest,0,True
Stanley/Stella Organic Cotton T-Shirt,pro_1a8d1f40e76847d182,Apparel,T-Shirts,Stanley/Stella,EMBROIDERY,17.5,17.5,23.5,21,Black|French Navy|Dark Heather Grey|Stargazer|Anthracite|Burgundy|Khaki|Red|Dark Heather Blue|Day Fall|Sage|Lavender Dawn|Go Green|Desert Dust|Heather Grey|Fraiche Peche|Butter|Cotton Pink|Lavender|Serene Blue|White,back|embroidery_chest_center|embroidery_chest_left|embroidery_large_center|embroidery_sleeve_left_top|embroidery_sleeve_right_top|label_inside,,0,False
Lane Seven Premium Full Zip Hoodie,pro_RqkX3NcxTcaflqbVdCaH7g,Apparel,Hoodies,Lane Seven,DTG,26.95,26.95,30.95,10,Black|Navy|Charcoal Heather|Burgundy|Red|Heather Grey|Sandshell|Oatmeal Heather|Seafoam|White,back|back_large|front|sleeve_left|sleeve_right,leftChest,0,True
Women's High Top Canvas Shoes,pro_8vXYBo5SQX6Aer9yXhY3SA,Accessories,Shoes,Allcolor,SUBLIMATION,43.0,43.0,43.0,2,Black|White,label_inside|shoe_quarters_left|shoe_quarters_right|shoe_tongue_left|shoe_tongue_right,,0,False
SOL'S Unisex Eco Raglan Hoodie,pro_FUJmudj0TL-QouKeg92U6A,Apparel,Hoodies,SOL'S,EMBROIDERY,36.7,36.7,40.7,6,Black|Burgundy|Charcoal Melange|Bottle green|Burnt Orange|White,embroidery_chest_center|embroidery_chest_left|embroidery_large_center|embroidery_wrist_left|embroidery_wrist_right|back,,0,False
Bella+Canvas Youth Long Sleeve T-Shirt,pro_xakbEXykR7W1MHzq9LAR8A,Apparel,Kids Clothing,Bella+Canvas,EMBROIDERY,20.33,20.33,20.33,5,Black|Navy|Red|Athletic Heather|White,back|embroidery_chest_center|embroidery_chest_left|label_inside,,0,False
Flexfit Bucket Hat,pro_84a6a84c94de4fdca2,Accessories,Hats,Flexfit,EMBROIDERY,19.95,19.95,19.95,5,Black|Navy|Grey|Khaki|White,embroidery_front,,0,False
Stanley/Stella Women's Organic Hoodie,pro_w_g6OmfpQBijIQPMGjkMFA,Apparel,Hoodies,Stanley/Stella,DTG,37.98,37.98,39.98,6,Black|French Navy|Green Bay|Bubble Pink|Cool Heather Grey|White,back|front|label_outside,largeCenter|leftChest|centerChest,0,True
Comfort Colors Unisex Garment-Dyed Long Sleeve Shirt,pro_PcdBxJd4QsmME8EzzaSxDg,Apparel,Long Sleeve Tees,Comfort Colors,EMBROIDERY,22.66,22.66,26.66,7,Black|Navy|Blue Jean|Grey|Violet|Light Green|White,embroidery_chest_center|embroidery_chest_left|embroidery_large_front,,0,False
SOL'S Unisex Premium Pique Polo Shirt,pro_STPsbnZuTlyjzeJPJKtufg,Apparel,Polo Shirts,SOL'S,EMBROIDERY,19.85,19.85,27.95,7,Black|Navy|Mouse Grey|Red|Grey Melange|Sand|White,embroidery_chest_left|embroidery_large_back|embroidery_sleeve_left_top|embroidery_sleeve_right_top,,0,False
AS Colour Women's Relaxed Hoodie,pro_5txqjQSlSLiJ6gH6voRyYQ,Apparel,Hoodies,AS Colour,EMBROIDERY,37.5,37.5,39.5,5,Black|Charity Pink|Hazy Pink|Athletic Heather|Orchid,embroidery_chest_center|embroidery_chest_left|embroidery_large_front|embroidery_wrist_left|embroidery_wrist_right,,0,False
Double Wall Clear Plastic Tumbler,pro_xfZcDraGROiiMWlqLbcAGw,Drinkware,Tumblers,Spoke,UV,8.45,8.45,8.45,2,Blue|Clear,default,front,0,True
All-Over Print Flag,pro_7503382199934b548c,Accessories,Flags,Sublicolor,ALL_OVER_PRINT,20.95,20.95,20.95,1,All-Over Print,,,0,False
Golf Towel,pro_mvJQo8uPTqiWMNNWABid1g,Accessories,Towels,Allcolor,SUBLIMATION,10.61,10.61,10.61,1,All-over print,,,0,False
Stanley/Stella Unisex Heavyweight Sweatshirt,pro_VLxtTji-Q-WAj2ktKgVadg,Apparel,Sweatshirts,Stanley/Stella,DTG,34.92,34.92,36.92,5,Black|French Navy|Desert Dust|Heather Grey|White,back_large|back_large|embroidery_wrist_left|embroidery_wrist_right|front_large|front_large|label_inside|label_outside|sleeve_left|sleeve_right,fullSize|largeCenter|leftChest|centerChest|fullSize|largeCenter|leftChest|centerChest,0,True
Bella+Canvas Women's Fleece Crop Hoodie,pro_x5cx7m2PRiGZVE9ei_s4yQ,Apparel,Crop Tops,Bella+Canvas,EMBROIDERY,36.19,36.19,38.19,3,Black|Military Green|Storm,back|embroidery_chest_center|embroidery_chest_left|embroidery_large_center|embroidery_wrist_left|embroidery_wrist_right,,0,False
Comfort Colors Women's Heavyweight Boxy T-Shirt,pro_ZLyWQ6UsToiKnY07YRXEpg,Apparel,T-Shirts,Comfort Colors,EMBROIDERY,17.95,17.95,19.95,5,Black|Pepper|Orchid|Ivory|White,embroidery_chest_center|embroidery_chest_left|embroidery_sleeve_left_top|embroidery_sleeve_right_top,,0,False
LAT Unisex Fine Jersey Tee,pro_CknYQ_PZSjmcWbpvmwPUfA,Apparel,T-Shirts,LAT,EMBROIDERY,14.49,14.49,20.49,7,Black|Navy|Coyote Brown|Heather|Light Blue|Natural|White,embroidery_chest_center|embroidery_chest_left|embroidery_sleeve_left_top|embroidery_sleeve_right_top,,0,False
Lane Seven Premium Full Zip Hoodie,pro_uYZnNXwpT22xIU5R8Fy_XQ,Apparel,Hoodies,Lane Seven,EMBROIDERY,29.95,29.95,33.95,10,Black|Navy|Charcoal Heather|Burgundy|Red|Heather Grey|Sandshell|Oatmeal Heather|Seafoam|White,embroidery_chest_left|embroidery_large_back,,0,False
Independent Trading Co. Pigment Dyed Hoodie,pro_ac3b9cf06529431aae,Apparel,Hoodies,Independent Trading Co.,EMBROIDERY,46.9,46.9,50.9,6,Pigment Black|Pigment Alpine Green|Pigment Maroon|Pigment Slate Blue|Pigment Pink|Pigment Light Blue,embroidery_chest_center|embroidery_chest_left|embroidery_large_center|embroidery_wrist_left|embroidery_wrist_right,,0,False
All-Over Print Athletic T-Shirt,pro_a038818c39564a89a3,Apparel,T-Shirts,Sublicolor,ALL_OVER_PRINT,29.53,29.53,33.53,1,White,,,0,False
Comfort Colors Unisex Garment-Dyed Tank Top,pro_AvzhD5W1SC2haQOqD1JJww,Apparel,Tank Tops,Comfort Colors,DTG,18.07,18.07,22.53,31,Black|True Navy|Pepper|Denim|Grape|Flo Blue|Crimson|Blue Jean|Watermelon|Sapphire|Royal Caribe|Bright Salmon|Ice Blue|Melon|Grey|Violet|Light Green|Seafoam|Neon Red Orange|Crunchberry|Granite|Terracotta|Chalky Mint|Sandstone|Island Reef|Lagoon Blue|Blossom|Ivory|Butter|Chambray|White,back|front,largeCenter|leftChest|centerChest,0,True
All-Over Print Reversible Bucket Hat,pro_jVG-XzjkQXKNEsKdfunEFQ,Accessories,Hats,Allcolor,ALL_OVER_PRINT,23.41,23.41,23.41,1,All-Over Print,inside_back|inside_front|label_inside|label_outside|outside_back|outside_front,,0,False
All-Over Print Basic Pillow,pro_0aad9ccaf31e46aaa7,Home & Living,Pillows,Sublicolor,ALL_OVER_PRINT,16.95,15.95,18.95,1,All-Over Print,back|front,,0,True
SOL'S Stellar Kids Eco Hoodie,pro_RU96lVcqQ9-OK7AP-DIcMQ,Apparel,Kids Clothing,SOL'S,EMBROIDERY,32.5,32.5,32.5,4,Black|French Navy|Burnt Orange|Grey Melange,embroidery_chest_center|embroidery_chest_left,,0,False
Stanley/Stella Unisex Organic Ribbed Neck T-Shirt,pro_Vv1XdaPMSdm6jZ5pj24NCQ,Apparel,T-Shirts,Stanley/Stella,DTG,15.85,15.85,23.85,15,Black|French Navy|Dark Heather Grey|India Ink Grey|Anthracite|Burgundy|Khaki|Stargazer|Red|Desert Dust|Heather Grey|Fraiche Peche|Cotton Pink|Lavender|White,back_large|back_large|front_large|front_large|label_inside|label_outside|sleeve_left|sleeve_right,largeCenter|leftChest|centerChest|largeCenter|leftChest|centerChest,0,True
Under Armour® Athletic T-Shirt,pro_69TltvBrTfOWxYV3nAy8Qg,Apparel,T-Shirts,Under Armour,DTG,26.76,26.76,28.76,4,Black|Navy|Grey|White,back|front_large|front_large|sleeve_right,fullSize|largeCenter|leftChest|centerChest|fullSize|largeCenter|leftChest|centerChest,0,True
All-Over Print Youth Leggings,pro_9ffee09919bc4fe8b1,Apparel,Kids Clothing,Sublicolor,ALL_OVER_PRINT,18.31,18.31,18.31,1,All-Over Print,,,0,False
Bella+Canvas Baby Jersey Short Sleeve Tee,pro_ab8c2d88d989421ba1,Apparel,Kids Clothing,Bella+Canvas,DTG,12.2,12.2,12.2,3,Black|Pink|White,back|front|label_inside,largeCenter|leftChest|centerChest,0,True
Cotton Heritage Men's Premium Tank Top,pro_606c3460ee07410a83,Apparel,Tank Tops,Cotton Heritage,DTG,16.16,16.16,20.16,13,Black|Team Royal|Charcoal Heather|Harbor Blue|Navy|Military Green|Red|Coral|Athletic Heather|Squash|Pacific Blue|Mint|White,back|front|label_inside,largeCenter|leftChest|centerChest,0,True
Port Authority Polo Shirt,pro_CtiuJfN7SQ6yz3onTOAL1Q,Apparel,Polo Shirts,Port Authority,DTFX,19.6,19.6,27.6,7,Black|Navy|Steel Grey|Red|Cool Heather|Stone|White,back_dtf|back_large_dtf|chest_left_dtf|short_sleeve_left_dtf|short_sleeve_right_dtf,,0,True
All-Over Print Women’s Cotton Crew Neck T-Shirt,pro_0rcBR12kSWK9o2QYX2vwcQ,Apparel,T-Shirts,Sublicolor,SUBLIMATION,23.99,23.99,25.99,1,White,,,0,False
Econscious Eco-Friendly Tote Bag,pro_9zesYG_BRDyTifPLOsq3vQ,Accessories,Bags,Econscious,EMBROIDERY,18.6,18.6,18.6,2,Black|Oyster,embroidery_apparel_front,,0,False
All-Over Print Premium Pillow,pro_a3f829815788451d91,Home & Living,Pillows,Sublicolor,SUBLIMATION,15.61,15.61,19.95,1,All-Over Print,,,0,False
Big Accessories Bucket Hat,pro_379,Accessories,Hats,Big Accessories,EMBROIDERY,17.29,17.29,17.29,3,Black|Navy|White,embroidery_front,,0,False
Placemat Set (4),pro_t9PU-6SXRteEFJVveukdeA,Home & Living,Holiday,Allcolor,SUBLIMATION,27.29,27.29,27.29,1,White,,,0,False
AS Colour Middleweight Oversized T-shirt,pro_sxGQGvBmRWSpOQOf7imPEg,Apparel,T-Shirts,AS Colour,DTG,15.95,15.95,19.95,2,Ecru|White,back|front|label_inside|sleeve_left|sleeve_right,largeCenter|leftChest|centerChest,0,True
Throw Blanket,pro_f4d2c03a52ef440e95,Home & Living,Blankets,Allcolor,SUBLIMATION,24.14,24.14,38.98,1,All-Over Print,,,0,False
Rabbit Skins Toddler Jersey T-Shirt,pro_ee42b007a1954c96b9,Apparel,Kids Clothing,Rabbit Skins,DTG,10.5,10.5,10.5,6,Black|Navy|Hot Pink|Heather|Light Blue|White,back|front,,0,True
Adidas Space-Dyed Polo Shirt,pro_DAr2FIE9QPeY-lJTAa2Fyg,Apparel,Polo Shirts,Adidas,DTFX,51.97,51.97,57.97,4,Black Melange|Collegiate Navy Melange|Collegiate Royal Melange|Grey One Heather,back_dtf|chest_left_dtf|short_sleeve_left_dtf,,0,True
Port Authority Polo Shirt ,pro_d0bcb10a7a53410283,Apparel,Polo Shirts,Port Authority,EMBROIDERY,21.35,21.35,29.35,7,Black|Navy|Steel Grey|Red|Cool Heather|Stone|White,embroidery_sleeve_left_top|embroidery_sleeve_right_top|embroidery_chest_left|embroidery_large_center,,0,False
Stanley/Stella Unisex Organic Oversized Sweatshirt,pro_2rGgEOJ6QHO-K_OPKVielA,Apparel,Sweatshirts,Stanley/Stella,DTG,40.02,40.02,42.02,4,Black|French Navy|Heather Grey|White,back|front|label_inside|label_outside|sleeve_left|sleeve_right,fullSize|largeCenter|leftChest|centerChest,0,True
Jerzees Unisex Joggers,pro_SSfihsRfQhKraIlnNuL2zA,Apparel,Bottoms,Jerzees,EMBROIDERY,24.55,24.55,26.55,4,Black|J. Navy|Black Heather|Athletic Heather,embroidery_apparel_front,,0,False
Next Level Unisex T-shirt,pro_e25ZKMLjSGa_FCzF8D_z_Q,Apparel,T-Shirts,Next Level,DTG,11.25,11.25,15.25,13,Black|Charcoal|Midnight Navy|Royal|Red|Military Green|Heather Mauve|Dark Heather Gray|Orange|Stone Grey|Heather Tan|Sand|White,back_large|back_large|front_large|front_large|label_inside|label_outside|sleeve_left|sleeve_right,largeCenter|leftChest|centerChest|largeCenter|leftChest|centerChest|largeCenter|leftChest|centerChest,0,True
Jerzees Unisex Joggers,pro_342,Apparel,Bottoms,Jerzees,DTG,23.2,23.2,25.2,4,Black|J. Navy|Black Heather|Athletic Heather,leg_left|leg_right,,0,True
Kiss Cut Sticker Sheet with Custom Background,pro_6a8bdd4fd14d4cf687,Accessories,Stickers,Allcolor,STICKER,5.05,5.05,5.05,1,White,background|default,stickerSlotOne|stickerSlotTwo|stickerSlotThree|stickerSlotFour|stickerSlotFive|stickerSlotSixth,0,True
All-Over Print Scrunchie,pro_f1e4620e17d64915b6,Accessories,Hair Accessories,Sublicolor,ALL_OVER_PRINT,7.95,7.95,7.95,1,All-Over Print,,,0,False
Stanley/Stella Unisex Organic Relaxed Hoodie,pro_L8J8K-xgTwmdLlehztQCLQ,Apparel,Hoodies,Stanley/Stella,DTFX,46.14,46.14,48.14,4,Black|French Navy|Heather Grey|White,back_large_dtf|front_dtf|long_sleeve_left_dtf|long_sleeve_right_dtf|back_large_dtf,largeCenter|leftChest|centerChest,0,True
Rabbit Skins Baby Short Sleeve Bodysuit,pro_9a40f9ff4cfe42c5ac,Apparel,Kids Clothing,Rabbit Skins,DTG,11.15,11.15,11.15,4,Black|Heather|Pink|White,back|front,largeCenter|leftChest|centerChest,0,True
Next Level  Unisex Ringer T-Shirt,pro_5c5SsTWySS-NqLM0vDiPoQ,Apparel,T-Shirts,Next Level,EMBROIDERY,17.5,17.5,21.5,5,Heather Gray / Black|Natural / Midnight Navy|Natural / Forest Green|Natural / Black|White / Black,embroidery_chest_left|embroidery_sleeve_left_top|embroidery_sleeve_right_top|embroidery_chest_center,,0,False
Atlantis Ribbed Knit Beanie,pro_69437fbde05a4d5882,Accessories,Hats,Atlantis,EMBROIDERY,16.25,16.25,16.25,7,Black|Navy|Mustard|Light Grey Melange|Beige|Light Blue|Acid Green,embroidery_front,,0,False
Bella+Canvas Unisex Hooded Long Sleeve Tee,pro_wzbpAlxNQ2C9U99gK2Wgxw,Apparel,Long Sleeve Tees,Bella+Canvas,DTG,21.2,21.2,23.2,7,Charcoal-Black Triblend|Black|Heather Navy|Heather True Royal|Heather Red|Grey Triblend|White,back|embroidery_wrist_left|embroidery_wrist_right|front|label_inside|sleeve_left|sleeve_right,largeCenter|leftChest|centerChest,0,True
BagBase Everyday Crossbody Bag ,pro_fd6Ey6H3SUSAZMvwH1AA6A,Accessories,Bags,BagBase,DTFX,24.14,24.14,24.14,4,Black|Fresh Green|Natural Stone|Fresh Pink,front_dtf_backpack,,0,True
Bella+Canvas Supersoft Long Sleeve T-Shirt,pro_gTvn3dKWSr-bkXTbSHy6Rg,Apparel,Long Sleeve Tees,Bella+Canvas,DTG,18.29,18.29,20.29,15,Black Heather|Black|Navy|Maroon|Heather Forest|Dark Grey Heather|True Royal|Heather Deep Teal|Red|Military Green|Heather Mauve|Storm|Athletic Heather|Gold|White,back_large|back_large|embroidery_wrist_left|embroidery_wrist_right|front_large|front_large|label_inside|label_outside|sleeve_left|sleeve_right,fullSize|largeCenter|leftChest|centerChest|fullSize|largeCenter|leftChest|centerChest,0,True
Kiss Cut Stickers,pro_358,Accessories,Stickers,Allcolor,STICKER,2.29,2.29,5.36,1,White,default,fullSize,0,True
Can-Shaped Glass,pro_TR_X1XNUQnaHZ7wbIqrJTA,Drinkware,Glasses,Spoke,UV,11.45,11.45,11.45,1,Clear,default,front,0,True
Thor Copper Vacuum Insulated Bottle,pro_6ZGxApdMR9qmkO-yiIowNQ,Drinkware,Water Bottles,Spoke,UV,22.45,22.45,22.45,8,Black|Navy|Red|Orange|Gray|Pebble Blue|Mint Green|White,default,front,0,True
Comfort Colors Unisex Garment-Dyed Fleece Crewneck Sweatshirt,pro_67cxn1sxQiiR61I-C84v0w,Apparel,Sweatshirts,Comfort Colors,EMBROIDERY,30.95,30.95,34.95,10,Black|Pepper|Crimson|Espresso|Blue Jean|Yam|Peachy|Ivory|Butter|White,embroidery_chest_left|embroidery_large_front|embroidery_chest_center,largeCenter|leftChest|centerChest,0,False
Bella+Canvas Toddler T-Shirt,pro_d58f08763bd641e7bd,Apparel,Kids Clothing,Bella+Canvas,DTG,12.75,12.75,12.75,4,Black|Heather Columbia Blue|Pink|White,back|front|label_inside,largeCenter|leftChest|centerChest,0,True
Gildan Heavyweight T-Shirt,pro_BedPJwZhRvaLnG0x2kfVzA,Apparel,T-Shirts,Gildan,DTFX,9.5,9.5,17.5,29,Black|Maroon|Navy|Forest Green|Purple|Dark Chocolate|Dark Heather|Royal|Cardinal|Charcoal|Red|Military Green|Heliconia|Graphite Heather|Brown Savana|Orange|Irish Green|Azalea|Carolina Blue|Sport Grey|Gold|Sand|Sky|Natural|Light Pink|Yellow Haze|Light Blue|Ash|White,back_large_dtf|front_large_dtf|label_inside_dtf|short_sleeve_left_dtf|short_sleeve_right_dtf,fullSize|largeCenter|leftChest|centerChest,0,True
Yupoong Trucker Cap,pro_mRyOrJImQbqtk8eXfevjrQ,Accessories,Hats,Yupoong,DTFX,14.85,14.85,14.85,8,Black/White/Black|Black|Navy/White/Navy|Royal/White/Royal|Charcoal|Kelly/White/Kelly|Red/White/Red|White,front_dtf_hat,,0,True
All-Over Print T-Shirt Dress,pro_bc85d4c2ff634ea88b,Apparel,Dresses,Sublicolor,SUBLIMATION,27.95,27.95,27.95,1,White,,,0,False
Ceramic Mug with Color Inside,pro_7eff6f9b20aa4edb83,Drinkware,Coffee Mugs,Mugz,SUBLIMATION,8.95,8.95,10.5,10,Black|Dark Blue|Dark Green|Red|Orange|Blue|Pink|Green|Golden Yellow|Yellow,default,front|back,0,True
Stanley/Stella Unisex Organic T-Shirt,pro_QkxQQ6lpThagbimtE1PbPA,Apparel,T-Shirts,Stanley/Stella,EMBROIDERY,16.31,16.31,18.31,7,Black|French Navy|Anthracite|Desert Dust|Heather Grey|Vintage White|White,embroidery_chest_center|embroidery_chest_left|embroidery_sleeve_left_top|embroidery_sleeve_right_top,,0,False
All-Over Print Unisex Cotton Hoodie,pro_2rm7OCxJTSmpw8keIxABOg,Apparel,Hoodies,Sublicolor,SUBLIMATION,45.49,45.49,55.49,1,White,,,0,False
All-Over Print Bomber Jacket,pro_4a2ee4301ccc465ab3,Apparel,Jackets,Sublicolor,ALL_OVER_PRINT,48.96,48.96,52.96,1,All-Over Print,,,0,False
Econscious Organic Dad Hat,pro_98f6cb9959664463a7,Accessories,Hats,Econscious,EMBROIDERY,17.59,17.59,17.59,5,Black|Pacific|Charcoal|Jungle|Oyster,embroidery_back|embroidery_front_large|embroidery_front_large|embroidery_left|embroidery_right,,0,False
Champion Packable Jacket,pro_e1ff99d4d6154e6abf,Apparel,Jackets,Champion,EMBROIDERY,42.57,42.57,44.57,7,Black|Navy|Royal Blue|Scarlet|Graphite|Light Blue|Gold,embroidery_chest_left,,0,False
Independent Trading Co. Midweight Hoodie,pro_ZtR6XmRDSliz-38SJI1-fg,Apparel,Hoodies,Independent Trading Co.,EMBROIDERY,32.57,32.57,34.57,16,Black|Classic Navy|Charcoal Heather|Purple|Alpine Green|Army|Storm Blue|Gunmetal Heather|Mint|Light Pink|Peach|Dusty Sage|Blue Aqua|Grey Heather|Bone|White,back|embroidery_chest_center|embroidery_chest_left|embroidery_large_center|embroidery_wrist_left|embroidery_wrist_right|label_outside,,0,False
Karst Bound Notebook,pro_pU_Ph4IURkeynA6vNLnL0Q,Accessories,Notebooks,Spoke,UV,32.95,32.95,32.95,3,Black|Navy|Beige,default,front,0,True
Cotton Heritage Women's High-Waisted Tee,pro_mp2TklPASMmSJu1goWURow,Apparel,T-Shirts,Cotton Heritage,DTG,14.49,14.49,14.49,7,Black|Vintage Black|Pine|Latte|Red Sorbet|Artichoke|White,back|front|label_inside|label_outside,largeCenter|leftChest|centerChest,0,True
Cotton Heritage Men's Premium Short Sleeve Tee,pro_6Bpv2ppeRQinzGwuQqmMYw,Apparel,T-Shirts,Cotton Heritage,EMBROIDERY,16.25,16.25,20.95,5,Black|Navy Blazer|Vintage Black|Vintage White|White,embroidery_chest_center|embroidery_chest_left|embroidery_large_front|embroidery_sleeve_left_top|embroidery_sleeve_right_top,,0,False
All-Over Print Unisex Wide-Leg Pants,pro_-_eKMgWnQ_2iC1HibqY3FQ,Apparel,Bottoms,Sublicolor,ALL_OVER_PRINT,32.59,32.59,42.59,1,All-Over Print,,,0,False
AS Colour Unisex Premium Relaxed Hoodie,pro_aFuN8XE0Q4WKIhqY1-KbxA,Apparel,Hoodies,AS Colour,DTFX,38.46,38.46,42.46,4,Black|Pine Green|Cobalt|Athletic Heather,back_large_dtf|back_large_dtf|front_dtf|label_inside_dtf|long_sleeve_left_dtf|long_sleeve_right_dtf,largeCenter|leftChest|centerChest,0,True
Bella+Canvas Unisex Supersoft T-Shirt,pro_ejfjYlGYRQaoCBCXD2ILQQ,Apparel,T-Shirts,Bella+Canvas,DTFX,11.75,11.75,19.75,78,Black|Team Purple|Oxblood Black|Heather Emerald|Dark Grey|Vintage Black|Navy|Brown|Maroon|Cardinal|Forest|True Royal|Black Heather|Dark Grey Heather|Olive|Military Green|Heather Midnight Navy|Heather Forest|Asphalt|Army|Red|Heather Brown|Steel Blue|Kelly|Heather True Royal|Heather Clay|Heather Deep Teal|Heather Grass Green|Leaf|Berry|Aqua|Heather Raspberry|Orange|Heather Mauve|Pebble|Autumn|Heather Red|Heather Kelly|Ocean Blue|Heather Autumn|Burnt Orange|Toast|Charity Pink|Heather Columbia Blue|Heather Orange|Heather Aqua|Mustard|Heather Orchid|Tan|Sage|Light Blue|Mauve|Silver|Gold|Athletic Heather|Pink|Heather Carolina Blue|Heather Yellow Gold|Heather Prism Dusty Blue|Turquoise|Heather Mint|Teal|Soft Cream|Heather Prism Lilac|Heather Prism Mint|Baby Blue|Heather Prism Ice Blue|Heather Dust|Ash|Soft Pink|Mint|Yellow|Heather Natural|Natural|Vintage White|Heather Ice Blue|Solid White Blend|White,back_dtf|back_large_dtf|front_dtf|front_large_dtf|label_inside_dtf|short_sleeve_left_dtf|short_sleeve_right_dtf,fullSize|largeCenter|leftChest|centerChest|fullSize|largeCenter|leftChest|centerChest,0,True
Otto Foam Trucker Hat,pro_2-YGyY4UT8G5_I6-9hsELw,Accessories,Hats,Otto Cap,EMBROIDERY,12.95,12.95,12.95,10,Black|Black / White / Black|Navy/ White/ Navy|Navy|Royal/ White/ Royal|Kelly/ White/ Kelly|Red|Hot Pink/ White/ Hot Pink|Blue / White / Blue|White,embroidery_front_large,fullSize,0,False
Stanley/Stella Unisex Sculpted Heavyweight Hoodie,pro_lypeb3sGQXmbGpSVUwCKnA,Apparel,Hoodies,Stanley/Stella,EMBROIDERY,70.5,70.5,74.5,2,Black|Stone,embroidery_chest_center|embroidery_chest_left|embroidery_large_front|embroidery_wrist_left|embroidery_wrist_right,,0,False
Bella+Canvas Unisex Supersoft T-Shirt,pro_k66ZW4fsRm6c2def3itltA,Apparel,T-Shirts,Bella+Canvas,DTG,11.75,11.75,19.75,83,Black|Team Purple|Oxblood Black|Heather Emerald|Dark Grey|Vintage Black|Navy|Brown|Heather Navy|Forest|Maroon|True Royal|Black Heather|Cardinal|Dark Grey Heather|Olive|Military Green|Heather Midnight Navy|Heather Forest|Asphalt|Army|Heather Olive|Red|Heather Brown|Steel Blue|Kelly|Heather True Royal|Heather Slate|Heather Clay|Heather Deep Teal|Heather Grass Green|Leaf|Berry|Toast|Aqua|Heather Raspberry|Heather Mauve|Autumn|Heather Team Purple|Pebble|Heather Red|Heather Kelly|Ocean Blue|Heather Autumn|Burnt Orange|Charity Pink|Heather Columbia Blue|Heather Orange|Heather Aqua|Orange|Heather Orchid|Sage|Light Blue|Mustard|Mauve|Silver|Gold|Heather Blue|Athletic Heather|Tan|Pink|Heather Carolina Blue|Heather Yellow Gold|Heather Prism Dusty Blue|Turquoise|Heather Mint|Teal|Soft Cream|Heather Prism Lilac|Heather Prism Mint|Baby Blue|Heather Prism Ice Blue|Heather Dust|Ash|Soft Pink|Mint|Yellow|Heather Natural|Natural|White|Vintage White|Heather Ice Blue|Solid White Blend,back|back_large|front|front_large|label_inside|label_outside|sleeve_left|sleeve_right,fullSize|largeCenter|leftChest|centerChest|fullSize|largeCenter|leftChest|centerChest|largeCenter|leftChest|centerChest,0,True
Champion Relaxed-Fit T-Shirt,pro_A4V3H1yzSt2fhexTwPMYCg,Apparel,T-Shirts,Champion,EMBROIDERY,24.12,24.12,26.12,3,Black|Navy|White,embroidery_sleeve_right_top|embroidery_chest_center|embroidery_chest_left|embroidery_large_center,largeCenter|leftChest|centerChest,0,False
SOL'S Organic Cotton Apron,pro_24d46afb47894141ac,Home & Living,Aprons,SOL'S,EMBROIDERY,25.75,25.75,25.75,4,Black|Navy|Red|Rope,embroidery_chest_center|embroidery_large_center,,0,False
Champion Unisex Hoodie,pro_-YCra144Tx-PgZ8B_FasKw,Apparel,Hoodies,Champion,DTFX,35.25,35.25,39.25,2,Black|Light Steel,back_large_dtf|front_dtf|long_sleeve_right_dtf,largeCenter|leftChest|centerChest,0,True
All-Over Print Leggings with Pockets,pro_871eada7472541908b,Apparel,Bottoms,Sublicolor,ALL_OVER_PRINT,35.65,35.65,45.65,1,All-Over Print,,,0,False
BagBase Everyday Crossbody Bag ,pro_MwGEQkplQayg_ZD9jlLYCA,Accessories,Bags,BagBase,EMBROIDERY,25.89,25.89,25.89,4,Black|Fresh Green|Natural Stone|Fresh Pink,embroidery_apparel_front,,0,False
Rabbit Skins Baby Jersey T-Shirt,pro_Om1rCFyiTl6iRQCxgA_oVQ,Apparel,Kids Clothing,Rabbit Skins,EMBROIDERY,13.29,13.29,13.29,6,Black|Royal|Charcoal|Pink|Light Blue|White,back|embroidery_chest_center,,0,False
All-Over Print Yoga Leggings,pro_655f212a028d4d25a3,Apparel,Bottoms,Sublicolor,SUBLIMATION,29.53,29.53,29.53,1,White,,,0,False
AS Colour Heavy T-shirt,pro_05kHMsNpQZubKsMrnysvyQ,Apparel,T-Shirts,AS Colour,DTG,24.84,24.84,28.84,4,Black|Navy|Pine Green|Butter,back|front|label_inside|sleeve_left|sleeve_right,largeCenter|leftChest|centerChest,0,True
Bella+Canvas Muscle Tank,pro_5b687f51cd014cbdb8,Apparel,Tank Tops,Bella+Canvas,DTG,16.27,16.27,18.27,2,Black|White,back|front|label_inside|label_outside,largeCenter|leftChest|centerChest|largeCenter|leftChest|centerChest,0,True
Shaka Wear Oversized Tie-Dye T-Shirt,pro_27e6f768f23748a193,Apparel,T-Shirts,Shaka Wear,EMBROIDERY,20.33,20.33,22.33,5,Milky way|Navy / White|Sherbet rainbow|Classic rainbow|Black / White,embroidery_chest_center|embroidery_chest_left|embroidery_large_center|embroidery_sleeve_left_top|embroidery_sleeve_right_top,,0,False
Bella+Canvas Triblend Short Sleeve T-Shirt,pro_fAO_wrOBTeSfVLgFXpxjwg,Apparel,T-Shirts,Bella+Canvas,EMBROIDERY,19.35,19.35,25.35,23,Solid Black Triblend|Charcoal-Black Triblend|Navy Triblend|Emerald Triblend|Maroon Triblend|True Royal Triblend|Brown Triblend|Mauve Triblend|Clay Triblend|Teal Triblend|Purple Triblend|Grey Triblend|Berry Triblend|Red Triblend|Olive Triblend|Aqua Triblend|Blue Triblend|Athletic Grey Triblend|Mustard Triblend|Tan Triblend|Oatmeal Triblend|White Fleck Triblend|Solid White Triblend,back|embroidery_chest_center|embroidery_chest_left|embroidery_large_center|embroidery_sleeve_left_top|embroidery_sleeve_right_top|label_inside|label_outside,largeCenter|leftChest|centerChest,0,False
Stanley/Stella Unisex Cooper French Terry Hoodie,pro_0g-taS96SNG72vtsRqa9dg,Apparel,Hoodies,Stanley/Stella,DTFX,49.95,49.95,53.95,9,Black|French Navy|Worker Blue|Stargazer|Kaffa Coffee|Aloe|Heather Grey|Desert Dust|White,back|front|label_inside|sleeve_left|sleeve_right,largeCenter|leftChest|centerChest,0,True
Atlantis Organic Ribbed Beanie,pro_58970849183e48909d,Accessories,Hats,Atlantis,EMBROIDERY,18.59,18.59,18.59,7,Black|Oxford Navy|Burgundy|Leaf Green|Light Avio Blue|Light Grey|Mustard Yellow,embroidery_front,,0,False
Independent Trading Co. Men's Fleece Shorts,pro_dd71ae5d0baf4d4bbb,Apparel,Bottoms,Independent Trading Co.,EMBROIDERY,26.95,26.95,28.95,3,Black|Heather Grey|White,embroidery_corner_left|embroidery_corner_right,,0,False
Bella+Canvas Supersoft Hoodie ,pro_Bz2tcGE7TU6de3U3g-acjA,Apparel,Hoodies,Bella+Canvas,EMBROIDERY,31.06,31.06,33.06,12,Black Heather|Black|Forest|Maroon|Team Purple|Deep Heather|Heather Navy|True Royal|Heather Forest|Athletic Heather|Lilac|White,embroidery_chest_center|embroidery_chest_left|embroidery_large_center|embroidery_wrist_left|embroidery_wrist_right,,0,False
Otto Vintage Wash Dad Hat,pro_XwrUCs-wTFSwVJIuIvNkIw,Accessories,Hats,Otto Cap,EMBROIDERY,17.79,17.79,17.79,6,Black|Navy|Maroon|Red|Charcoal Grey|Pink,embroidery_back|embroidery_front|embroidery_front_large|embroidery_left|embroidery_right,,0,False
Gildan Unisex Heavy Blend Zip Hoodie,pro_c2IyX98wSBKBUoMo66AVXg,Apparel,Hoodies,Gildan,DTG,24.43,24.43,32.43,14,Black|Navy|Dark Chocolate|Forest Green|Purple|Royal|Cardinal Red|Dark Heather|Red|Carolina Blue|Irish Green|Sport Grey|White|Ash,back|embroidery_wrist_left|embroidery_wrist_right|front|label_outside|sleeve_left|sleeve_right,leftChest,0,True
Bella+Canvas Women's Relaxed V-Neck T-Shirt ,pro_L6qBCFlHQgi87sDTCMNAXQ,Apparel,T-Shirts,Bella+Canvas,DTG,15.4,15.4,17.4,8,Solid Black Blend|Dark Grey Heather|Heather Navy|Heather Slate|Heather Mauve|Berry|Turquoise|Solid White Blend,sleeve_right|back|front|label_inside|label_outside|sleeve_left,largeCenter|leftChest|centerChest,0,True
SOL'S Unisex Organic Raglan Sweatshirt,pro_GTyQ58OXQE2ScfswE70Wqg,Apparel,Sweatshirts,SOL'S,EMBROIDERY,30.58,30.58,34.58,6,Black|Burgundy|Charcoal Melange|Bottle green|Burnt Orange|White,embroidery_chest_left|embroidery_large_center|embroidery_wrist_left|embroidery_wrist_right|back|embroidery_chest_center,,0,False
Comfort Colors Garment-Dyed Heavyweight T-Shirt,pro_8be1acca2fe7403f89,Apparel,T-Shirts,Comfort Colors,DTG,15.45,15.45,21.45,45,Black|True Navy|Graphite|Navy|Sage|Midnight|Pepper|Hemp|Grape|Denim|Blue Spruce|Red|Brick|Berry|Mystic Blue|Espresso|Moss|Flo Blue|Crimson|Light Green|Blue Jean|Watermelon|Yam|Paprika|Ice Blue|Grey|Violet|Seafoam|Burnt orange|Crunchberry|Granite|Khaki|Washed Denim|Terracotta|Bay|Mustard|Lagoon Blue|Blossom|Orchid|Chalky Mint|Island Reef|Ivory|Butter|Chambray|White,back|back_large|front|front_large|label_outside|sleeve_left|sleeve_right,fullSize|largeCenter|leftChest|centerChest|fullSize|largeCenter|leftChest|centerChest,0,True
Poker Playing Cards,pro_ZUOYt-04ToOgL7V03qNIYg,Home & Living,Gaming,Generic,PRINTED,13.69,13.69,13.69,1,White,front,front,0,True
All-Over Print Women's Crew Neck T-Shirt,pro_adc356572358457d82,Apparel,T-Shirts,Sublicolor,ALL_OVER_PRINT,21.37,21.37,23.37,1,All-Over Print,,,0,False
AS Colour Women's Premium Crop Top,pro_dcI8FftzTcy4UkxdZMBSFA,Apparel,Crop Tops,AS Colour,DTG,18.8,18.8,18.92,12,Black|Camel|Mineral|Hazy Pink|Bubblegum|Pale Pink|Bone|Athletic Heather|Orchid|Natural|Ecru|White,back|front|label_outside,largeCenter|leftChest|centerChest,0,True
Comfort Colors Unisex Garment-Dyed Fleece Hooded Sweatshirt,pro_9nyijnrVQleeD-IEZELKig,Apparel,Hoodies,Comfort Colors,DTG,29.95,29.95,33.95,9,Black|Pepper|Blue Jean|Grey|Peachy|Ivory|Butter|Hydrangea|White,back_large|back_large|front_large|front_large|label_outside|sleeve_left|sleeve_right,largeCenter|leftChest|centerChest|largeCenter|leftChest|centerChest,0,True
All-Over Print Yoga Capri Leggings,pro_c30181901b0049b8b4,Apparel,Bottoms,Sublicolor,ALL_OVER_PRINT,28.51,28.51,28.51,1,All-Over Print,,,0,False
Independent Trading Co. Midweight Hoodie,pro_So-peOXoSbeh34fjNveiiQ,Apparel,Hoodies,Independent Trading Co.,DTFX,31.82,31.82,33.82,16,Black|Classic Navy|Charcoal Heather|Purple|Alpine Green|Army|Storm Blue|Gunmetal Heather|Mint|Light Pink|Peach|Dusty Sage|Blue Aqua|Grey Heather|Bone|White,back_dtf|back_large_dtf|front_dtf|label_inside_dtf|long_sleeve_left_dtf|long_sleeve_right_dtf,fullSize|largeCenter|leftChest|centerChest,0,True
 Gildan Unisex Pique Polo Shirt,pro_kugNDCWqTAWO8l1Nta7tbQ,Apparel,Polo Shirts,Gildan,DTFX,16.55,16.55,22.55,4,Black|Navy|Sport Grey|White,chest_left_dtf,,0,True
Lane Seven Urban Hoodie Garment Dyed ,pro_VI45gehfQJqavT6bllGWeQ,Apparel,Hoodies,Lane Seven,EMBROIDERY,38.95,38.95,42.95,3,Pigment Midnight Navy|Pigment Burro|Pigment Lunar Rock,embroidery_chest_center|embroidery_chest_left|embroidery_large_front|embroidery_wrist_left|embroidery_wrist_right,,0,False
Stanley/Stella Unisex Relaxed Mid-Weight Chaser Hooded Sweatshirt,pro_AVRuaCJnTZmH2_vFLDdeIQ,Apparel,Hoodies,Stanley/Stella,DTG,37.95,37.95,41.95,8,Black|French Navy|Khaki Green|Violet|Stone|Heather Grey|Cream|Lemon Sorbet,back_large|front|label_inside|label_outside|sleeve_left|sleeve_right,largeCenter|leftChest|centerChest,0,True
Independent Trading Co. Unisex Midweight Pigment Dyed Sweatshirt,pro_V950oxDJRvirwipFW1eUTQ,Apparel,Sweatshirts,Independent Trading Co.,DTFX,41.95,41.95,45.03,16,Pigment Black|Pigment Alpine Green|Pigment Amber|Pigment Clay|Pigment Maroon|Pigment Plum|Pigment Slate Blue|Pigment Cement|Pigment Pink|Pigment Mint|Pigment Light Blue|Pigment Sandstone|Pigment Sage|Pigment Yellow|Pigment Dusty Pink|Pigment Ivory,back|front|label_inside|sleeve_left|sleeve_right,largeCenter|leftChest|centerChest,0,True
Cotton Heritage Men's Box Tee,pro_wEtOWsmERH-OjGGsnuAWNw,Apparel,T-Shirts,Cotton Heritage,DTFX,17.25,17.25,23.5,5,Black|Navy Blazer|Vintage Black|Vintage White|White,back_dtf|front_dtf,fullSize|largeCenter|leftChest|centerChest,0,True
Shaka Wear Unisex Max Heavyweight Garment-Dyed Tee,pro_Jhi7_L6hRvSZbCoUmeNbIA,Apparel,T-Shirts,Shaka Wear,DTFX,19.95,19.95,27.95,2,Black|Washed Denim,back|front|label_inside|sleeve_left|sleeve_right,largeCenter|leftChest|centerChest,0,True
AS Colour Box T-shirt,pro_qH9yK17ETQGv3dvextlldw,Apparel,T-Shirts,AS Colour,DTG,22.41,22.41,26.41,4,Black|Ink Blue|Mushroom|Ecru,back|front|label_inside|sleeve_left|sleeve_right,largeCenter|leftChest|centerChest,0,True
Stainless Steel Tumbler with a Straw,pro_sBlASJ6lTXObwpVZiJDHrQ,Drinkware,Tumblers,Allcolor,UV,20.95,20.95,20.95,2,Black|White,default,front,0,True
Rabbit Skins Toddler Pullover Fleece Hoodie ,pro_jr_YKdtKQbGMyhoVG1JsGQ,Apparel,Kids Clothing,Rabbit Skins,EMBROIDERY,21.95,21.95,21.95,9,Black|Navy|Royal|Red|Kelly|Raspberry|Heather|Pink|White,embroidery_chest_center,,0,False
All-Over Print Youth Rash Guard,pro_1a2e46bb4e47400da4,Apparel,Kids Clothing,Sublicolor,ALL_OVER_PRINT,25.45,25.45,25.45,1,All-Over Print,,,0,False
Bella+Canvas Triblend Short Sleeve T-Shirt,pro_162,Apparel,T-Shirts,Bella+Canvas,DTG,18.2,18.2,24.2,23,Solid Black Triblend|Charcoal-Black Triblend|Navy Triblend|Emerald Triblend|Maroon Triblend|True Royal Triblend|Brown Triblend|Mauve Triblend|Clay Triblend|Teal Triblend|Purple Triblend|Grey Triblend|Berry Triblend|Red Triblend|Olive Triblend|Aqua Triblend|Blue Triblend|Athletic Grey Triblend|Mustard Triblend|Tan Triblend|Oatmeal Triblend|White Fleck Triblend|Solid White Triblend,back|back_large|front|front_large|label_inside|label_outside|sleeve_left|sleeve_right,fullSize|largeCenter|leftChest|centerChest|fullSize|largeCenter|leftChest|centerChest,0,True
Bella+Canvas Women's Relaxed V-Neck T-Shirt,pro_2HOe2JR0R0STSEs600GLXQ,Apparel,T-Shirts,Bella+Canvas,DTFX,15.4,15.4,17.4,8,Solid Black Blend|Dark Grey Heather|Heather Navy|Heather Slate|Heather Mauve|Berry|Turquoise|Solid White Blend,short_sleeve_right_dtf|back_dtf|front_dtf|label_inside_dtf|label_outside|short_sleeve_left_dtf,largeCenter|leftChest|centerChest,0,True
Clear Case for Samsung®,pro_267,Accessories,Phone Accessories,Allcolor,SUBLIMATION,10.95,10.95,10.95,1,Clear (Transparent),,,0,False
All-Over Print Women's Pajama Shorts,pro_d-bhtbreQqGwflHOgHUsbA,Apparel,Sleepwear,Sublicolor,SUBLIMATION,23.99,23.99,25.99,2,Black|White,back|front|label_inside,,0,False
Pet Feeding Mat,pro_NwjwY8GJS_at8fKFhZDPPA,Accessories,Pet Accessories,Allcolor,SUBLIMATION,16.55,16.55,27.33,1,White,,,0,False
Big Accessories Vintage Corduroy Cap,pro_U8GdtA3SSOWbm9X8XMLRoA,Accessories,Hats,Big Accessories,EMBROIDERY,16.99,16.99,16.99,5,Black|Navy|Brown|Olive|Burgundy,embroidery_back|embroidery_front|embroidery_left|embroidery_right,,0,False
All-Over Print Recycled Long Sleeve Crop Top,pro_QmOruCkbQeG7drMm9mO-eA,Apparel,Crop Tops,Sublicolor,SUBLIMATION,30.95,30.95,41.57,1,White,,,0,False
SOL'S Unisex Windbreaker,pro_5wvPkh6JQXy-kwNFpRWnfg,Apparel,Jackets,SOL'S,EMBROIDERY,21.35,21.35,23.35,3,Black|Navy|Forest Green,embroidery_chest_left|embroidery_large_center,,0,False
Flexfit Mesh Back Trucker Hat,pro_RROwQXenTG6nC3ZoztM7lQ,Accessories,Hats,Flexfit,EMBROIDERY,16.99,16.99,16.99,4,Black|Navy|Charcoal|Caramel,embroidery_front_large|embroidery_front,,0,False
Tultex Fine Jersey Raglan Tee,pro_8651c9165922482da0,Apparel,Long Sleeve Tees,Tultex,DTG,16.83,16.83,18.83,11,Black/White|White/Navy|Heather Denim/Navy|White/Royal|Heather Grey/Heather Charcoal|Heather Grey/Heather Red|White/Red|White/Kelly|Heather Grey/Black|White/Heather Charcoal|White/Black,front|label_inside|label_outside,largeCenter|leftChest|centerChest,0,True
 Bella+Canvas Women's Garment Dye Cropped Tee,pro_roTTCavJRYOvlM3E-jZ5dg,Apparel,Crop Tops,Bella + Canvas,DTFX,15.95,15.95,17.95,3,Washed Black|Light Washed Denim|Vintage White,back_dtf|front_dtf,largeCenter|leftChest|centerChest,0,True
Otto Cap Low Profile Baseball Cap,pro_h_npGAqiS66njjHCLCBEAQ,Accessories,Hats,Otto Cap,EMBROIDERY,16.15,16.15,16.15,7,Black|Dark Navy|Dark Green|Royal|Red|Khaki|White,embroidery_back|embroidery_front_large|embroidery_left|embroidery_right,,0,False
SOL'S Unisex Organic Raglan Sweatshirt,pro_1nCF0eI2SQed0-8f0KPP0g,Apparel,Sweatshirts,SOL'S,DTG,29.58,29.58,33.58,6,Black|Burgundy|Charcoal Melange|Bottle green|Burnt Orange|White,back|embroidery_wrist_left|embroidery_wrist_right|front|sleeve_left|sleeve_right,largeCenter|leftChest|centerChest,0,True
Bella+Canvas Women’s Heavyweight Garment Dye Tee,pro_ZMg9WMyNTnuEnRBDE4Aa1A,Apparel,T-Shirts,Bella + Canvas,DTFX,15.95,15.95,17.95,5,Washed Black|Washed Navy|Washed Lavender|Buttermilk|Vintage White,back_dtf|back_large_dtf|front_dtf|front_large_dtf,fullSize|largeCenter|leftChest|centerChest|front|largeCenter|leftChest|centerChest|fullSize,0,True
Pet Collar & Leash,pro_P7bmVXXyT86aViXjM4aTQQ,Accessories,Pet Accessories,Sublicolor,SUBLIMATION,33.03,33.03,33.03,1,White,back|default|front|label_inside,,0,False
Bella+Canvas Unisex Garment Dye Heavyweight Long Sleeve Tee ,pro_17PsFKJxRfmdgOA5htEg3A,Apparel,Long Sleeve Tees,Bella + Canvas,DTFX,23.25,23.25,27.25,5,Black|Washed Black|Washed Navy|Washed Pine|Vintage White,back_large_dtf|back_large_dtf|front_large_dtf|front_large_dtf,largeCenter|leftChest|centerChest|largeCenter|leftChest|centerChest,0,True
AS Colour Premium Oversized Faded T-Shirt,pro_jdRtdbSURmauaeahssYxeQ,Apparel,T-Shirts,AS Colour,DTFX,24.17,24.17,28.17,8,Faded Black|Faded Coal|Faded Indigo|Faded Grey|Faded Khaki|Faded Eucalyptus|Faded Bone|Faded White,back_dtf|back_large_dtf|front_dtf|front_large_dtf|label_inside_dtf|short_sleeve_left_dtf|short_sleeve_right_dtf,fullSize|largeCenter|leftChest|centerChest|fullSize|largeCenter|leftChest|centerChest,0,True
Lane Seven Premium Pullover Hoodie,pro_GKb_pc1DTw6FUehzGXeprw,Apparel,Hoodies,Lane Seven,DTG,23.25,23.25,27.25,7,Black|Navy|Charcoal Heather|Heather Grey|Sandshell|Oatmeal Heather|White,back_large|back_large|front|label_outside|sleeve_left|sleeve_right,fullSize|largeCenter|leftChest|centerChest,0,True
Cotton Heritage Men's Premium Short Sleeve Tee,pro_ERCBw3XuTAyBtUAh8kXfiw,Apparel,T-Shirts,Cotton Heritage,DTG,13.25,13.25,17.25,5,Black|Navy Blazer|Vintage Black|Vintage White|White,back_large|back_large|front_large|front_large|label_inside|label_outside|sleeve_left|sleeve_right,largeCenter|leftChest|centerChest|largeCenter|leftChest|centerChest|largeCenter|leftChest|centerChest,0,True
Gildan Women's Basic Softstyle T-Shirt ,pro_BimRc2bnSPGhw1mHQcRnIA,Apparel,T-Shirts,Gildan,DTG,9.25,9.25,11.25,8,Black|Navy|Royal|Red|Irish Green|Azalea|RS Sport Grey|White,label_inside|label_outside|sleeve_left|sleeve_right|back|front,largeCenter|leftChest|centerChest,0,True
All-Over Print Crop Top T-Shirt,pro_16d14027368d4e1380,Apparel,T-Shirts,Sublicolor,ALL_OVER_PRINT,17.95,17.95,17.95,1,All-Over Print,,,0,False
Stanley/Stella Unisex Essential Eco Hoodie,pro_472jqtviRyOt1g_GSgZyeg,Apparel,Hoodies,Stanley/Stella,EMBROIDERY,44.5,44.5,45.95,5,Black|French Navy|Canyon Pink|Desert Dust|White,embroidery_chest_center|embroidery_chest_left|embroidery_large_center|embroidery_wrist_left|embroidery_wrist_right,,0,False
Next Level Women's Racerback Tank Top,pro_bfN-Hm-wRzK3LBjAZVQJIw,Apparel,Tank Tops,Next Level,DTG,11.2,11.2,13.2,7,Black|Hot Pink|Heather Gray|Tahiti Blue|Light Orange|White|Cancun,back|front|label_inside,largeCenter|leftChest|centerChest,0,True
Pet Bowl,pro_Clm3iXjoStSjIrSfumYuQA,Accessories,Pet Accessories,Sublicolor,SUBLIMATION,22.95,22.95,24.95,1,White,,,0,False
AS Colour Women's Premium Crop Top,pro_hKd3oWWzSoWRxSkkj_21PA,Apparel,Crop Tops,AS Colour,EMBROIDERY,19.55,19.55,19.55,12,Black|Camel|Mineral|Hazy Pink|Bubblegum|Pale Pink|Bone|Athletic Heather|Orchid|Natural|Ecru|White,back|embroidery_chest_center|embroidery_chest_left|embroidery_sleeve_left_top|embroidery_sleeve_right_top,,0,False
"Desk Mat 12"" x 18""",pro_e52717efe1f9444b99,Accessories,Desk Mats,Spoke,SUBLIMATION,10.5,10.5,10.5,1,All-Over Print,default,fullSize|largeCenter|logo,0,True
Gildan Classic Crewneck Sweatshirt,pro_14kNy0EJQkqopY-Z9Pm41A,Apparel,Sweatshirts,Gildan,DTG,18.79,18.79,26.79,25,Black|Navy|Maroon|Dark Chocolate|Forest Green|Purple|Dark Heather|Charcoal|Royal|Military Green|Graphite Heather|Red|Indigo Blue|Heliconia|Orange|Sport Grey|Heather Deep Royal|Irish Green|Carolina Blue|Gold|Light Blue|Light Pink|Sand|Ash|White,back_large|embroidery_wrist_left|embroidery_wrist_right|front_large|front_large|label_inside_dtf|label_outside|sleeve_left|sleeve_right,fullSize|largeCenter|leftChest|centerChest|fullSize|largeCenter|leftChest|centerChest,0,True
Bella+Canvas Unisex Staple Eco T-Shirt,pro_YAUq6YCmQPyale243AAH0Q,Apparel,T-Shirts,Bella+Canvas,DTG,13.25,13.25,17.25,3,Black|Navy|White,front|label_inside|label_outside|sleeve_left|sleeve_right|back,fullSize|largeCenter|leftChest|centerChest,0,True
All-Over Print Crew Neck T-Shirt,pro_4a2702c209f3452c98,Apparel,T-Shirts,Sublicolor,ALL_OVER_PRINT,22.39,22.39,24.39,1,All-Over Print,,,0,False
Wine Tumbler,pro_5ewa0klOT6CSoYc2nrBEgw,Drinkware,Tumblers,Allcolor,UV,17.29,17.29,17.29,1,White,default,front,0,True
Coozie Can Cooler,pro_DaDG_vA9Qc2o00poXQM-ww,Drinkware,Tumblers,Sublicolor,SUBLIMATION,3.42,3.42,3.42,1,White,back|front,front|front,0,False
All-Over Print Recycled High Waisted Bikini Bottom,pro_327d59c5edf3474f8b,Apparel,Swimwear,Sublicolor,ALL_OVER_PRINT,17.29,17.29,21.29,1,All-Over Print,,,0,False
Gildan Youth Sports Tee,pro_Jehzj139SlmHXHsODLpbGg,Apparel,Kids Clothing,Gildan,EMBROIDERY,12.29,12.29,12.29,10,Black|Navy|Forest Green|Royal|Dark Heather|Red|Carolina Blue|Gold|Ash|White,embroidery_chest_center|embroidery_chest_left,,0,False
Cotton Heritage Box Hoodie,pro_kulQNHadQw2LAIZPqZSa6Q,Apparel,Hoodies,Cotton Heritage,DTFX,30.39,30.39,34.39,6,Black|Navy Blazer|Vintage Black|Carbon Grey|Bone|White,back_dtf|front_dtf|long_sleeve_left_dtf|long_sleeve_right_dtf,largeCenter|leftChest|centerChest,0,True
Comfort Colors Unisex Garment-Dyed Long Sleeve Shirt,pro_G4HQ9Sw9SIeWUNhGH5hc5Q,Apparel,Long Sleeve Tees,Comfort Colors,DTFX,19.62,19.62,23.62,7,Black|Navy|Blue Jean|Grey|Violet|Light Green|White,back_dtf|front_dtf|front_large_dtf|long_sleeve_left_dtf|long_sleeve_right_dtf,largeCenter|leftChest|centerChest|largeCenter|leftChest|centerChest,0,True
Spiral Bound Notebook - Graph,pro_JBZ8pRVlR-m84AwNl7WbnQ,Accessories,Notebooks,Spoke,PRINTED,10.95,10.95,10.95,1,White,default,front|fullSize,0,True
Yoga Mat,pro_Yxjw00veSLqZF9ERjt0GmQ,Accessories,Yoga Mats,Allcolor,SUBLIMATION,42.33,42.33,42.33,1,White,,,0,False
Gildan Youth Sports Tee,pro_7cIdZpgFT92Apc-R5PKjAg,Apparel,Kids Clothing,Gildan,DTFX,8.75,8.75,8.75,10,Black|Navy|Forest Green|Royal|Dark Heather|Red|Carolina Blue|Gold|Ash|White,back_dtf|front_dtf|label_inside_dtf,largeCenter|leftChest|centerChest,0,True
Comfort Colors Unisex Garment-Dyed Pocket T-Shirt,pro_O0zzPz-aTd-U9j9Sdw3olQ,Apparel,T-Shirts,Comfort Colors,DTG,19.55,19.55,21.55,11,Black|True Navy|Red|Brick|Berry|Flo Blue|Watermelon|Grey|Violet|Butter|White,back|pocket|sleeve_left|sleeve_right,,0,True
Gildan Youth Classic Tee,pro_jC37DB6MStW5Mwach_3bFg,Apparel,Kids Clothing,Gildan,DTFX,9.69,9.69,9.69,13,Black|Navy|Royal|Charcoal|Red|Azalea|Gold|Sport Grey|Lime|Natural|Light Blue|Light Pink|White,back_dtf|front_dtf|label_inside_dtf,largeCenter|leftChest|centerChest,0,True
Arctic Zone Titan Tumbler 20oz,pro_jCmCc6-mS5C92N1SlGU_EA,Drinkware,Tumblers,Spoke,UV,23.45,23.45,23.45,5,Black|Navy|Brick Red|Gray|White,default,front,0,True
MagSafe® Clear Case for iPhone®,pro_2BlKPhJOR0ykg0GTKlW1zg,Accessories,Phone Accessories,Allcolor,SUBLIMATION,12.95,12.95,12.95,1,All-Over Print,default,,0,False
SOL'S Organic Cotton Apron,pro_6c19c15a7ef340eca6,Home & Living,Aprons,SOL'S,DTG,24.75,24.75,24.75,4,Black|Navy|Red|Rope,front,,0,True
Gildan Youth Crew Neck Sweatshirt,pro_DsivUutdTiOI28xVKDHBpQ,Apparel,Kids Clothing,Gildan,EMBROIDERY,20.33,20.33,20.33,8,Black|Navy|Maroon|Royal|Dark Heather|Red|Sport Grey|White,back|embroidery_chest_center|embroidery_chest_left,,0,False
Gildan Unisex Softstyle T-Shirt,pro_O7Dd4-6JTUuq48NSUd3TMg,Apparel,T-Shirts,Gildan,DTG,9.5,9.5,13.5,34,Black|Dark Chocolate|Navy|Purple|Maroon|Forest Green|Heather Navy|Dark Heather Grey|Dark Heather|Graphite Heather|Royal|Military Green|Charcoal|Sapphire|Heather Indigo|Heather Red|Red|Heather Royal|Kelly Green|Heliconia|Orange|Tropical Blue|Irish Green|Jade Dome|Heather Irish Green|Coral Silk|Sand|Sport Grey|Light Blue|Daisy|Ice Grey|Cornsilk|Natural|White,front_large|label_inside|label_outside|sleeve_left|sleeve_right|back|back_large|front,fullSize|largeCenter|leftChest|centerChest|fullSize|largeCenter|leftChest|centerChest,0,True
Champion Long Sleeve Shirt,pro_839d603f3d004932aa,Apparel,Long Sleeve Tees,Champion,EMBROIDERY,27.07,27.07,29.07,2,Black|White,back|embroidery_chest_center|embroidery_chest_left|embroidery_wrist_right,,0,False
Spiral Bound Notebook - Ruled Lines,pro_RjYh9Eq1SzGB--rAk3J7zA,Accessories,Notebooks,Spoke,PRINTED,10.95,10.95,10.95,1,White,default,front|fullSize,0,True
Bella+Canvas Women's Micro-Rib Tank Top,pro_ODjU1rQgRXeWk2tt9rXB0w,Apparel,Tank Tops,Bella+Canvas,DTG,15.81,15.81,17.81,6,Solid Black Blend|Solid Navy Blend|Athletic Heather|Solid Baby Blue Blend|Solid Pink Blend|Solid White Blend,back|front|label_outside,largeCenter|leftChest|centerChest,0,True
Wall Calendar (2027),pro__xPZ4ufxSDejZW70y73ZLQ,Home & Living,Calendars,AllColor,PRINTED,22.18,19.33,22.18,2,Start w/ SUN|Start w/ MON,april|august|cover|december|february|january|july|june|march|may|november|october|september,,0,False
Lane Seven Urban Crewneck Sweatshirt,pro_RE_5h1elTUO4fI76Y5b8Dg,Apparel,Sweatshirts,Lane Seven,EMBROIDERY,33.99,33.99,37.99,8,Black|Pebble Blue|Oil Green|Burro|Salmon|Lunar Rock|Pistachio|White,embroidery_chest_center|embroidery_chest_left|embroidery_large_front|embroidery_wrist_left|embroidery_wrist_right,largeCenter|leftChest|centerChest,0,False
Stainless Steel Water Bottle with a Straw Lid,pro__z-oosgJRLyvcwmHVScXGw,Drinkware,Water Bottles,Allcolor,SUBLIMATION,21.37,21.37,21.37,1,White,default,,0,False
Insulated Tumbler with a Straw,pro_fX3MU-6_Ts6XCcjU0BtKWA,Drinkware,Tumblers,Spoke,UV,20.45,20.45,20.45,5,Black|Navy|Pink|Mint Green|White,default,front,0,True
Cotton Heritage Men's Heavyweight Long Sleeve,pro_ZvilbSMgQkStyU5hAyPBww,Apparel,Long Sleeve Tees,Cotton Heritage,DTG,16.27,16.27,20.27,5,Black|Harbor Blue|Agave|Carbon Grey|White,back_large|back_large|front_large|front_large|label_inside|label_outside,largeCenter|leftChest|centerChest|fullSize|largeCenter|leftChest|centerChest|fullSize,0,True
Cotton Heritage Men's Heavyweight Long Sleeve ,pro_L8kqaFXRRpGfc4GDlplbZQ,Apparel,Long Sleeve Tees,Cotton Heritage,DTFX,16.27,16.27,20.27,5,Black|Harbor Blue|Agave|Carbon Grey|White,back_large_dtf|back_large_dtf|front_large_dtf|front_large_dtf|label_inside_dtf|long_sleeve_left_dtf|long_sleeve_right_dtf,largeCenter|leftChest|centerChest|fullSize|largeCenter|leftChest|centerChest|fullSize,0,True
Stanley/Stella Unisex Organic Ribbed Neck T-Shirt,pro_ye2p3meJTX-yPwo6rFXN2A,Apparel,T-Shirts,Stanley/Stella,EMBROIDERY,18.64,18.64,26.64,15,Black|French Navy|Dark Heather Grey|India Ink Grey|Anthracite|Burgundy|Khaki|Stargazer|Red|Desert Dust|Heather Grey|Fraiche Peche|Cotton Pink|Lavender|White,embroidery_chest_center|embroidery_chest_left|embroidery_sleeve_left_top|embroidery_sleeve_right_top,,0,False
Stanley/Stella Unisex Organic Hoodie,pro_lukPUKFjTO2rqTTdd0w-Zg,Apparel,Hoodies,Stanley/Stella,EMBROIDERY,37.73,37.73,39.73,7,Black|French Navy|Dark Heather Grey|Anthracite|Desert Dust|Heather Grey|White,embroidery_chest_center|embroidery_chest_left|embroidery_large_front|embroidery_wrist_left|embroidery_wrist_right,,0,False
Stanley/Stella Unisex Organic Side Pocket Hoodie,pro_R6zNHlzrSK6Z5Osi4pkB0Q,Apparel,Hoodies,Stanley/Stella,DTFX,39.0,39.0,41.0,4,Black|French Navy|Heather Grey|White,front_large_dtf|long_sleeve_left_dtf|long_sleeve_right_dtf|back_large_dtf,largeCenter|leftChest|centerChest,0,True
Stemless Wine Glass,pro_hVdaDI1_TIeqaNBh-glWIA,Drinkware,Glasses,Spoke,UV,8.67,8.67,8.67,1,Clear,default,front,0,True
Lane Seven Premium Crewneck Sweatshirt,pro_Pkhdi4LDQrWkSPXvxPOB_Q,Apparel,Sweatshirts,Lane Seven,EMBROIDERY,23.75,23.75,27.75,11,Black|Navy|Sports Green|Smoke|Purple|True Royal|Cardinal|Heather Grey|Sandshell|Oatmeal Heather|White,embroidery_chest_center|embroidery_chest_left|embroidery_large_front|embroidery_wrist_left|embroidery_wrist_right,largeCenter|leftChest|centerChest,0,False
All-Over Print Recycled Unisex Mesh Shorts,pro_J0pgzSYpSZOCcOY-GrO8Bg,Apparel,Bottoms,Sublicolor,SUBLIMATION,24.43,24.43,34.43,1,White,back|front|label_inside|label_outside,,0,False
Bella+Canvas Baby Short Sleeve One Piece,pro_sO8r9drtQQaGEzzJ8bUHeg,Apparel,Kids Clothing,Bella+Canvas,EMBROIDERY,15.54,15.54,15.54,7,Black|Dark Grey Heather|Heather Columbia Blue|Athletic Heather|Pink|Yellow|White,embroidery_chest_center,,0,False
Stanley/Stella Unisex Relaxed Mid-Weight Chaser Hooded Sweatshirt,pro_1wD3FeF5R6Cl_EvMehNlfQ,Apparel,Hoodies,Stanley/Stella,EMBROIDERY,40.95,40.95,44.95,8,Black|French Navy|Khaki Green|Violet|Stone|Heather Grey|Cream|Lemon Sorbet,embroidery_chest_center|embroidery_chest_left|embroidery_chest_right|embroidery_large_front|embroidery_wrist_left|embroidery_wrist_right,,0,False
 CamelBak Thrive® Flip Straw Water Bottle,pro_Tt5YK5XJSJ6rU2CnDqdo9w,Drinkware,Water Bottles,Spoke,UV,23.45,23.45,23.45,3,Charcoal|Oxford Blue|Clear,default,front,0,True
Wall Calendar (Blank),pro_glxNguymSgC0O619XcWWYA,Home & Living,Calendars,Allcolor,PRINTED,11.95,11.95,18.95,1,White,april|august|cover|december|february|january|july|june|march|may|november|october|september,,0,False
Stanley/Stella Unisex Organic Sweatshirt ,pro_NrkbEbetRMaxO6c-hDba6Q,Apparel,Sweatshirts,Stanley/Stella,EMBROIDERY,31.61,31.61,33.61,5,Black|French Navy|Desert Dust|Heather Grey|White,embroidery_chest_center|embroidery_chest_left|embroidery_large_front|embroidery_wrist_left|embroidery_wrist_right,largeCenter|leftChest|centerChest,0,False
All-Over Print One-Piece Swimsuit,pro_5fc5327b16f342f494,Apparel,Swimwear,Sublicolor,ALL_OVER_PRINT,29.25,29.25,32.5,1,All-Over Print,,,0,False
All-Over Print Women's Joggers,pro_af4a13c2ae9143b3ad,Apparel,Bottoms,Sublicolor,ALL_OVER_PRINT,38.71,38.71,42.71,1,All-Over Print,,,0,False
All-Over Print Recycled Unisex Sports Jersey,pro_W-ZbH8_mT8WV3zxWetcq4w,Apparel,T-Shirts,Sublicolor,ALL_OVER_PRINT,30.55,30.55,40.55,1,All-Over Print,,,0,False
Stanley/Stella Unisex Organic Sweatshirt,pro_dfj8YGtrTWKCUTkb6YUbLg,Apparel,Sweatshirts,Stanley/Stella,DTG,29.82,29.82,31.82,5,Black|French Navy|Desert Dust|Heather Grey|White,label_outside|sleeve_left|sleeve_right|back|back_large|front|front_large|label_inside,fullSize|largeCenter|leftChest|centerChest|fullSize|largeCenter|leftChest|centerChest,0,True
Kiss-Cut Holographic Sticker Sheet,pro_D1uE7n9GT3674UFKud2fvA,Accessories,Stickers,Allcolor,SUBLIMATION,4.0,4.0,4.5,1,Grey,default,fullSize,0,True
Otto Cap Camouflage Trucker Hat,pro_5zlGgpmnQXKDccJxtqH4Jg,Accessories,Hats,Otto Cap,EMBROIDERY,18.19,18.19,18.19,3,Camo/Black|Camo/Brown|Camo/Olive,embroidery_front_large,,0,False
All-Over Print Kids Crew Neck T-Shirt ,pro_fcfbd6d3f77b47dd92,Apparel,Kids Clothing,Sublicolor,ALL_OVER_PRINT,19.33,19.33,19.33,1,All-Over Print,,,0,False
All-Over Print Youth Recycled Sports Jersey,pro_eNOFhHLhSCeYmzns0ZlcYQ,Apparel,Kids Clothing,Sublicolor,ALL_OVER_PRINT,26.95,26.95,26.95,1,All-Over Print,back|front|label_inside|label_outside|sleeve_left|sleeve_right,,0,False
Tough Case for Samsung®,pro_bcHnX9DvRSWsrrH3lABU5g,Accessories,Phone Accessories,Allcolor,SUBLIMATION,13.95,13.95,13.95,2,Matte|Glossy,default,,0,False
Men's Lace-Up Canvas Shoes,pro_Kopn6rWCSha3TZHQyN1H2Q,Accessories,Shoes,Allcolor,SUBLIMATION,42.0,42.0,42.0,2,Black|White,,,0,False
Women's Slip-On Canvas Shoes,pro_27WhPXBCSWq817VYXNHqMQ,Accessories,Shoes,Allcolor,SUBLIMATION,41.0,41.0,41.0,1,White,,,0,False
Bella+Canvas Women's Micro-Rib Tank Top,pro_DcjVv8F9SLS8vtE7SB21cg,Apparel,Tank Tops,Bella+Canvas,DTFX,15.81,15.81,17.81,6,Solid Black Blend|Solid Navy Blend|Athletic Heather|Solid Baby Blue Blend|Solid Pink Blend|Solid White Blend,back_dtf|front_dtf|label_inside_dtf,largeCenter|leftChest|centerChest,0,True
Stanley/Stella Unisex Heavyweight Sweatshirt,pro_VPp3DJGEQfKTMzWHZByRpw,Apparel,Sweatshirts,Stanley/Stella,EMBROIDERY,36.71,36.71,38.71,5,Black|French Navy|Desert Dust|Heather Grey|White,embroidery_chest_center|embroidery_chest_left|embroidery_large_front|embroidery_wrist_left|embroidery_wrist_right,largeCenter|leftChest|centerChest,0,False
All-Over Print Recycled Unisex Track Jacket,pro_akBtRBr3QJe_F9srWrhXCQ,Apparel,Jackets,Sublicolor,SUBLIMATION,63.25,63.25,71.25,1,All-Over Print,front|label_inside|label_outside|pocket|back,,0,False
Cotton Heritage Unisex Fleece Joggers,pro_03a16bb288d64a999f,Apparel,Bottoms,Cotton Heritage,EMBROIDERY,30.45,30.45,32.45,9,Black|Navy Blazer|Maroon|Charcoal Heather|Team Royal|Military Green|Dusty Rose|Carbon Grey|White,embroidery_apparel_front,,0,False
Yupoong Flat Snapback Cap,pro_03d87f32d60d4f23bf,Accessories,Hats,Yupoong,EMBROIDERY,14.39,14.39,14.39,7,Black|Royal Blue|Black/Grey|Red|Black/Red|Grey|White,embroidery_back|embroidery_front_large|embroidery_front_large|embroidery_left|embroidery_right,fullSize|fullSize,0,False
Champion Unisex Hoodie,pro_GO1jfWn5S2mM8gJLpBaS1w,Apparel,Hoodies,Champion,DTG,35.25,35.25,39.25,2,Black|Light Steel,back_large|front|label_outside|sleeve_left|sleeve_right,largeCenter|leftChest|centerChest,0,True
Gildan Youth Heavy Blend Hoodie,pro_vPO1M84rTSePpckMCoHLag,Apparel,Kids Clothing,Gildan,EMBROIDERY,21.35,21.35,21.35,8,Black|Navy|Dark Heather|Royal|Carolina Blue|Light Pink|White|Sport Grey,embroidery_chest_center|embroidery_chest_left|back,,0,False
SOL'S Unisex Premium Pique Polo Shirt,pro_NmGrLjGTTJOaVdPc2uv6ZA,Apparel,Polo Shirts,SOL'S,DTFX,17.95,17.95,25.95,7,Black|Navy|Mouse Grey|Red|Grey Melange|Sand|White,back_large_dtf|back_large_dtf|chest_left_dtf|label_inside_dtf|short_sleeve_left_dtf|short_sleeve_right_dtf,,0,True
Under Armour® Athletic T-Shirt,pro_Q_e2P21nSZuZ8saaEcy6Hg,Apparel,T-Shirts,Under Armour,EMBROIDERY,28.55,28.55,30.55,4,Black|Navy|Grey|White,embroidery_chest_center|embroidery_chest_left|embroidery_sleeve_right_top,,0,False
Richardson Waffle Beanie,pro_PIN1yafrRmq_vi-ukVBXcg,Accessories,Hats,Richardson,EMBROIDERY,17.5,17.5,17.5,7,Navy|Heather Charcoal|Black|Rust|Camel|Heather Grey|Birch,embroidery_front,,0,False
Big Accessories Golf Rope Cap,pro_HjUzEUWhSBSa77b1sLtKTw,Accessories,Hats,Big Accessories,DTFX,13.45,13.45,13.45,5,Black/White|Navy/Mint|Turquoise/White|Lt Gray/Navy|Yellow/Navy,front_dtf_hat,,0,True
All-Over Print Capri Leggings,pro_4557da81f18a428983,Apparel,Bottoms,Sublicolor,SUBLIMATION,22.39,22.39,22.39,1,White,,,0,False
All-Over Print Men's Slim Fit Polo Shirt,pro_skuDRY4HQPayrypKpuErBw,Apparel,Polo Shirts,Sublicolor,SUBLIMATION,29.95,29.95,33.95,2,Black|White,back|front|label_inside,,0,False
AS Colour Women's Premium Crop Top,pro__nnH5FmfTvCGMqBhmQtggw,Apparel,Crop Tops,AS Colour,DTFX,18.8,18.8,18.8,12,Black|Camel|Mineral|Hazy Pink|Bubblegum|Pale Pink|Bone|Athletic Heather|Orchid|Natural|Ecru|White,back_dtf|front_dtf|label_inside_dtf,largeCenter|leftChest|centerChest,0,True
Next Level Supersoft T-Shirt,pro_dzdIBRpyQQCjCIwGqGhDjg,Apparel,T-Shirts,Next Level,DTG,16.83,16.83,20.83,16,Black|Midnight Navy|Graphite Black|Forest Green|Cool Blue|Heavy Metal|Royal Blue|Red|Kelly Green|Heather Grey|Gold|Desert Pink|Cream|Light Blue|White|Natural,back_large|front_large|label_inside|label_outside|sleeve_left|sleeve_right,fullSize|largeCenter|leftChest|centerChest,0,True
Hawaiian Shirt,pro_r512tc7fQMyHuk1JJ1l1Yg,Apparel,T-Shirts,Sublicolor,ALL_OVER_PRINT,30.55,30.55,40.55,1,All-Over Print,,,0,False
Black Glossy Mug,pro_dWMJDO04TgWcXKGQohVnHw,Drinkware,Coffee Mugs,Mugz,SUBLIMATION,8.95,8.95,10.5,1,Black,default,front|back,0,True
Bella+Canvas Unisex Oversized Midweight Hoodie,pro_39opWs4LRzWBM9ISCKzLYQ,Apparel,Hoodies,Bella+Canvas,EMBROIDERY,39.5,39.5,43.5,10,Vintage Black|Black|Navy|Maroon|Forest|Asphalt|Vintage Brown|Athletic Heather|Dust|White,embroidery_chest_center|embroidery_chest_left|embroidery_large_front|embroidery_wrist_left|embroidery_wrist_right,largeCenter|leftChest|centerChest,0,False
Glossed Cork Coaster,pro_i5KAb0LiTo2y4xMrB2JORA,Home & Living,Accessories,Allcolor,SUBLIMATION,5.44,5.44,5.44,1,All-Over Print,default,,0,True
Next Level Supersoft T-Shirt,pro_wxeN8ZuDSIWVSZa95AN-LQ,Apparel,T-Shirts,Next Level,DTFX,16.83,16.83,20.83,22,Maroon|Black|Dark Chocolate|Forest Green|Midnight Navy|Indigo|Cardinal|Royal|Heavy Metal|Purple|Military Green|Red|Turquoise|Classic Orange|Kelly Green|Heather Gray|Tahiti Blue|Light Grey|Gold|Cream|Light Blue|White,back|front|label_inside|sleeve_left|sleeve_right,,0,True
Classic Unisex Crew Neck Sweatshirt,pro_xSk0YVxhSnmFM76o8yOiVA,Apparel,Sweatshirts,Jerzees,DTG,18.35,18.35,20.35,4,Black|J. Navy|Ash|White,back|front|label_outside|sleeve_left|sleeve_right,fullSize|largeCenter|leftChest|centerChest,0,True
Lane Seven Urban Hoodie,pro_g81oozWVR5yq5aPlhNGf6Q,Apparel,Hoodies,Lane Seven,EMBROIDERY,36.95,36.95,40.95,3,Black|Sandshell|White,back_large|embroidery_chest_center|embroidery_chest_left|embroidery_large_front|embroidery_wrist_left|embroidery_wrist_right,,0,False
AS Colour Premium Oversized Faded T-Shirt,pro_J_hvGZEIQHKQinmKAs0Egg,Apparel,T-Shirts,AS Colour,EMBROIDERY,28.75,28.75,31.95,8,Faded Black|Faded Coal|Faded Indigo|Faded Grey|Faded Khaki|Faded Eucalyptus|Faded Bone|Faded White,embroidery_chest_center|embroidery_chest_left|embroidery_large_center|embroidery_sleeve_left_top|embroidery_sleeve_right_top,largeCenter|leftChest|centerChest,0,False
Bella+Canvas Unisex Hooded Long Sleeve Tee,pro_1gvCBQcGTHKvxcvxq8y9nA,Apparel,Long Sleeve Tees,Bella+Canvas,EMBROIDERY,23.65,23.65,25.65,7,Charcoal-Black Triblend|Black|Heather Navy|Heather True Royal|Heather Red|Grey Triblend|White,back|embroidery_chest_center|embroidery_chest_left|embroidery_large_center|embroidery_wrist_left|embroidery_wrist_right|label_inside,,0,False
Rabbit Skins Kids Crew Neck Sweatshirt,pro_QiPpIT8dSZWI-PWG72lKIQ,Apparel,Kids Clothing,Rabbit Skins,DTG,14.5,14.5,14.5,6,Black|Navy|Red|Pink|Heather|Natural Heather,back|front,largeCenter|leftChest|centerChest,0,True
Latte Mug,pro_q5WMSr6rSWCx8uyNeZCN9g,Drinkware,Coffee Mugs,Mugz,SUBLIMATION,8.29,8.29,8.29,1,White,default,,0,False
Stanley/Stella Unisex Organic Oversized T-Shirt,pro_nbzZuIKIRnGSoOHdUmRN9w,Apparel,T-Shirts,Stanley/Stella,DTG,21.35,21.35,23.35,5,Black|French Navy|Heather Grey|Stone|White,back_large|back_large|front_large|front_large|label_inside|label_outside|sleeve_left|sleeve_right,largeCenter|leftChest|centerChest|largeCenter|leftChest|centerChest,0,True
Cloth Napkin Set (4),pro_Cr1QEtEHQgu-ycYFRRhDCA,Home & Living,Holiday,Allcolor,SUBLIMATION,18.31,18.31,18.31,1,White,,,0,False
SOL'S Stellar Kids Eco Hoodie,pro_0b1e46cc9bb141569b,Apparel,Kids Clothing,SOL'S,DTG,29.5,29.5,29.5,5,Black|French Navy|Burnt Orange|Grey Melange|White,back|front,largeCenter|leftChest|centerChest,0,True
H2Go Bolt Stainless Steel Water Bottle,pro_lcY8lsUxT0abgQ35lT919g,Drinkware,Water Bottles,Spoke,UV,13.45,13.45,13.45,2,Black|White,default,front,0,True
Stanley/Stella Unisex Pullover Sweatshirt,pro_ltQ1sWE2Qq6Xl1I69D1R3A,Apparel,Sweatshirts,Stanley/Stella,DTFX,37.15,37.15,41.15,9,Black|French Navy|Worker Blue|Stargazer|Kaffa Coffee|Heather Grey|Desert Dust|Aloe|White,back|front|label_inside|sleeve_left|sleeve_right,largeCenter|leftChest|centerChest,0,True
Pinnacle Vacuum Insulated Travel Tumbler With Straw,pro_YjbI31JRRTec8Rv2OESzDg,Drinkware,Tumblers,Spoke,LASER_ETCHED,19.95,19.95,19.95,5,Black|Navy|Red|Gray|White,default,,0,True
Insulated Tumbler with a Straw,pro_UJaTpYSFRGq4KzB8tEQ8Bg,Drinkware,Tumblers,Spoke,LASER_ETCHED,19.95,19.95,19.95,5,Black|Navy|Pink|Mint Green|White,default,,0,True
Stanley/Stella Unisex Organic Side Pocket Hoodie,pro_7pHhXNY8Q5mxJzkzx9BqGg,Apparel,Hoodies,Stanley/Stella,EMBROIDERY,40.79,40.79,42.79,4,Black|French Navy|Heather Grey|White,embroidery_chest_center|embroidery_chest_left|embroidery_large_front|embroidery_wrist_left|embroidery_wrist_right,,0,False
Thor Copper Vacuum Insulated Bottle with Straw Lid,pro_s2ckNe_-TT-sGfZul-J-CA,Drinkware,Water Bottles,Spoke,UV,24.95,24.95,24.95,4,Black|Navy|Gray|White,default,front,0,True
Rocks Glass,pro_lAc9uXztQO-IklsIexE7Bg,Drinkware,Glasses,Spoke,UV,8.75,8.75,8.75,1,Clear,default,,0,True
All-Over Print Recycled Unisex Zip Hoodie,pro_nDWdUcweQTaLc4RWjsACFA,Apparel,Hoodies,Sublicolor,ALL_OVER_PRINT,49.95,49.95,49.95,1,All-Over Print,default,largeCenter|leftChest|centerChest,0,False
Shaker Pint Glass,pro_KLKGnobKR0u-aO6RghFzxA,Drinkware,Glasses,Allcolor,UV,14.95,14.95,14.95,1,All-Over Print,default,front,0,True
Gildan Unisex Softstyle T-Shirt,pro_92081b33cf7042aebd,Apparel,T-Shirts,Gildan,EMBROIDERY,12.48,12.48,16.48,34,Dark Chocolate|Black|Navy|Purple|Maroon|Forest Green|Heather Navy|Dark Heather Grey|Dark Heather|Graphite Heather|Royal|Military Green|Charcoal|Sapphire|Heather Indigo|Heather Red|Red|Heather Royal|Kelly Green|Heliconia|Orange|Tropical Blue|Irish Green|Jade Dome|Heather Irish Green|Coral Silk|Sand|Sport Grey|Light Blue|Daisy|Ice Grey|White|Cornsilk|Natural,back|embroidery_chest_center|embroidery_chest_left|embroidery_large_center|embroidery_sleeve_left_top|embroidery_sleeve_right_top|label_inside|label_outside,largeCenter|leftChest|centerChest,0,False
Yupoong Cuffed Beanie,pro_266,Accessories,Hats,Yupoong,EMBROIDERY,13.79,13.79,13.79,12,Black|Brown|Navy|Dark Grey|Royal|Spruce|Olive|Red|Heather Grey|Gold|Baby Pink|White,embroidery_front,,0,False
Women's Athletic Shoes,pro_bRhuU6RIQl6Z6eB535UD5g,Accessories,Shoes,Allcolor,SUBLIMATION,42.0,42.0,42.0,1,White,,,0,False
All-Over Print Windbreaker,pro_aW78feKfQ96-Rck7PsAM7Q,Apparel,Jackets,Sublicolor,SUBLIMATION,39.99,39.99,43.99,2,Black|White,,,0,False
Next Level Supersoft T-Shirt,pro_sYPpVppmTqyGQtXVu5tolg,Apparel,T-Shirts,Next Level,EMBROIDERY,17.58,17.58,21.58,16,Black|Midnight Navy|Graphite Black|Forest Green|Cool Blue|Heavy Metal|Royal Blue|Red|Kelly Green|Heather Grey|Gold|Desert Pink|Cream|Light Blue|White|Natural,back|embroidery_chest_center|embroidery_chest_left|embroidery_large_center|embroidery_sleeve_left_top|embroidery_sleeve_right_top|label_inside|label_outside,largeCenter|leftChest|centerChest,0,False
Stanley/Stella Unisex Organic T-Shirt,pro_GQTbsxvCTHK_B0m5t7rhpA,Apparel,T-Shirts,Stanley/Stella,DTFX,14.52,14.52,16.52,7,Black|French Navy|Anthracite|Desert Dust|Heather Grey|Vintage White|White,back_large_dtf|back_large_dtf|front_large_dtf|front_large_dtf|short_sleeve_left_dtf|short_sleeve_right_dtf,largeCenter|leftChest|centerChest|largeCenter|leftChest|centerChest,0,True
Calendar (2027),pro_kETxMZCkQXyYsLwxFU4GYg,Home & Living,Calendars,AllColor,PRINTED,11.67,11.67,11.67,1,Semi Glossy,april|august|cover|december|february|january|july|june|march|may|november|october|september,,0,False
Gildan Youth Heavy Blend Hoodie,pro_C8RvP3y7T46GBMMvKP20ng,Apparel,Kids Clothing,Gildan,DTG,19.33,19.33,19.33,8,Black|Navy|Dark Heather|Royal|Carolina Blue|Light Pink|White|Sport Grey,back|front|label_outside,largeCenter|leftChest|centerChest|largeCenter|leftChest|centerChest,0,True
Under Armour® Dad Hat,pro_xlSuVhrgT8KxFObAJjZHjA,Accessories,Hats,Under Armour,EMBROIDERY,25.99,25.99,25.99,6,Black|Navy|Royal Blue|Grey|Red|White,embroidery_back|embroidery_front_large,,0,False
Stanley/Stella Unisex Organic Ribbed Neck T-Shirt,pro_B5CJM1GgTLar30hvHl3vYw,Apparel,T-Shirts,Stanley/Stella,DTFX,15.85,15.85,23.85,15,Black|French Navy|Dark Heather Grey|India Ink Grey|Anthracite|Burgundy|Khaki|Stargazer|Red|Desert Dust|Heather Grey|Fraiche Peche|Cotton Pink|Lavender|White,back_large_dtf|back_large_dtf|front_large_dtf|front_large_dtf|short_sleeve_left_dtf|short_sleeve_right_dtf,largeCenter|leftChest|centerChest|largeCenter|leftChest|centerChest,0,True
Bella+Canvas Unisex Oversized Midweight Hoodie,pro_oky8t1iCRJS5CVBJAIrNgA,Apparel,Hoodies,Bella+Canvas,DTG,36.5,36.5,40.5,10,Vintage Black|Black|Navy|Maroon|Forest|Asphalt|Vintage Brown|Athletic Heather|Dust|White,back_large|back_large|front|label_outside|sleeve_left|sleeve_right,largeCenter|leftChest|centerChest,0,True
Stanley/Stella Organic Cotton T-Shirt,pro_DuUfqAjgRmmzvHLF1hPIlg,Apparel,T-Shirts,Stanley/Stella,DTFX,14.5,14.5,20.5,15,Black|French Navy|Dark Heather Grey|Stargazer|Anthracite|Burgundy|Khaki|Red|Dark Heather Blue|Desert Dust|Heather Grey|Fraiche Peche|Cotton Pink|Lavender|White,back_dtf|front_dtf|label_inside_dtf|short_sleeve_left_dtf|short_sleeve_right_dtf,largeCenter|leftChest|centerChest,0,True
Otto Knit Beanie,pro_12abde5f29c34ffbb2,Accessories,Hats,Otto Cap,EMBROIDERY,13.29,13.29,13.29,6,Black|Navy|Red|Dark green|Gray|White,embroidery_front,,0,False
All-Over Print Duffle Bag ,pro_4cb50ea9e50d4f83be,Accessories,Bags,Sublicolor,SUBLIMATION,58.0,58.0,58.0,1,White,,,0,False
Canvas (in),pro_f0b3df34ce6144fb86,Home & Living,Wall Art,Allcolor,PRINTED,13.72,13.72,137.7,1,All-Over Print,default,,0,False
Comfort Colors Youth Garment-Dyed Heavyweight T-Shirt,pro_tvdnfxVeQXSiK9cFuJ6mJw,Apparel,Kids Clothing,Comfort Colors,DTFX,14.75,14.75,14.75,10,Black|Pepper|Blue Jean|Violet|Crunchberry|Blossom|Orchid|Island Reef|Chambray|White,back_dtf|front_dtf,largeCenter|leftChest|centerChest,0,True
Gildan Women's Basic Softstyle T-Shirt,pro_hsPrz9kkQKe1J-gbr_kGqA,Apparel,T-Shirts,Gildan,DTFX,9.25,9.25,11.25,8,Black|Navy|Royal|Red|Irish Green|Azalea|RS Sport Grey|White,back_large_dtf|back_large_dtf|front_large_dtf|front_large_dtf|short_sleeve_left_dtf|short_sleeve_right_dtf,largeCenter|leftChest|centerChest|fullSize|largeCenter|leftChest|centerChest|fullSize,0,True
Stanley/Stella Organic Cotton Kids T-Shirt,pro_k7DhwZejQxOozR4L4b21LQ,Apparel,Kids Clothing,Stanley/Stella,EMBROIDERY,18.5,18.5,18.5,3,Black|French Navy|White,back|embroidery_chest_center|embroidery_chest_left|label_inside,,0,False
Snap Case for Samsung®,pro_vvYMmaDLR8Cls1bzyAIKFQ,Accessories,Phone Accessories,Allcolor,SUBLIMATION,12.95,12.95,12.95,1,Glossy,default,,0,False
All-Over Print Recycled Longline Sports Bra,pro_rTVMQkroR1C07yeqWB5eyg,Apparel,Activewear,Sublicolor,ALL_OVER_PRINT,35.19,35.19,39.19,1,All-Over Print,,,0,False
Cotton Heritage Youth Pullover Fleece,pro_f7422bc5acc14a318c,Apparel,Kids Clothing,Cotton Heritage,DTG,24.11,24.11,24.11,4,Black|Navy Blazer|Athletic Heather|White,back|front,largeCenter|leftChest|centerChest,0,True
Next Level Premium Fitted Long Sleeve Crew,pro_7bbd49f02b464f75b0,Apparel,Long Sleeve Tees,Next Level,DTG,19.58,19.58,21.58,3,Black|Heavy Metal|White,back|front|label_inside|label_outside|sleeve_left|sleeve_right,fullSize|largeCenter|leftChest|centerChest,0,True
Econscious Eco-Friendly Tote Bag,pro_367,Accessories,Bags,Econscious,DTG,15.56,15.56,15.56,2,Black|Oyster,back|front,,0,True
Otto Cap Garment-Washed Baseball Cap,pro_udXxVC5wQBms9fXopAms3w,Accessories,Hats,Otto Cap,EMBROIDERY,12.98,12.98,12.98,8,Black|Navy|Dark Green/Khaki|Navy/Khaki|Maroon|Gray|Dusty Rose|Khaki,embroidery_back|embroidery_front|embroidery_left|embroidery_right,,0,False
Stanley/Stella Organic Cotton T-Shirt,pro_47cc3ae6bb2b4598b7,Apparel,T-Shirts,Stanley/Stella,DTG,14.5,14.5,21.5,21,Black|French Navy|Dark Heather Grey|Stargazer|Anthracite|Burgundy|Khaki|Red|Dark Heather Blue|Day Fall|Sage|Lavender Dawn|Go Green|Desert Dust|Heather Grey|Fraiche Peche|Butter|Cotton Pink|Lavender|Serene Blue|White,back|front|label_inside|sleeve_left|sleeve_right,largeCenter|leftChest|centerChest,0,True
Bella+Canvas Unisex Hooded Long Sleeve Tee ,pro_Z2U7-l6gRbueWgCtVwPToA,Apparel,Long Sleeve Tees,Bella+Canvas,DTFX,21.2,21.2,23.2,7,Charcoal-Black Triblend|Black|Heather Navy|Heather True Royal|Heather Red|Grey Triblend|White,back_large_dtf|back_large_dtf|front_large_dtf|front_large_dtf|label_inside_dtf,largeCenter|leftChest|centerChest|largeCenter|leftChest|centerChest,0,True
Gaming Mouse Pad,pro_pYqJ8kWCQfyRYF0ZllNUTA,Accessories,Desk Mats,Allcolor,SUBLIMATION,11.17,11.17,19.33,1,White,default,,0,True
Bella+Canvas Unisex Midweight Sweatpants,pro_m58IIQBNRA2_bbYLZbaPdA,Apparel,Bottoms,Bella+Canvas,EMBROIDERY,39.5,39.5,43.5,6,Black|Navy|Asphalt|Athletic Heather|Dust|Vintage Heather Grey,embroidery_apparel_front,,0,False
All-Over Print Basic Pillow Case,pro_1f46aeeb877742278c,Home & Living,Pillows,Sublicolor,SUBLIMATION,14.23,13.21,15.25,1,All-Over Print,,,0,False
Jerzees Unisex Classic Crew Neck Sweatshirt,pro_mKdWI2a6SoSfu0yy2jI-4w,Apparel,Sweatshirts,Jerzees,EMBROIDERY,19.35,19.35,21.35,4,Black|J. Navy|Ash|White,embroidery_chest_center|embroidery_chest_left|embroidery_large_front|embroidery_wrist_left|embroidery_wrist_right,largeCenter|leftChest|centerChest,0,False
Otto Cap Mid-Profile Baseball Cap,pro_38fYCFwWQGKz3ZTgDTRrYg,Accessories,Hats,Otto Cap,EMBROIDERY,11.75,11.75,11.75,7,Black|Navy/Natural|Black/Natural|Dark Green/Natural|Royal/Natural|Red/Natural|White,embroidery_back|embroidery_front_large|embroidery_left|embroidery_right,fullSize,0,False
Wrapping Paper,pro_uqRjFjlzQFKgmw5wH1nfdg,Home & Living,Holiday,Allcolor,PRINTED,8.21,8.21,20.13,2,White Matte|White Glossy,,,0,False
Comfort Colors Unisex Garment-Dyed Hooded Sweatshirt,pro_M3HSE3JUTCOTbTs_LmLTMw,Apparel,Hoodies,Comfort Colors,EMBROIDERY,42.95,42.95,46.95,11,True Navy|Pepper|Blue Spruce|Denim|Flo Blue|Crimson|Blue Jean|Grey|Light Green|Seafoam|White,embroidery_chest_center|embroidery_chest_left|embroidery_large_front,,0,False
Gildan Youth Crew Neck Sweatshirt,pro_lkYSEGoST9a3x5AIlLit6A,Apparel,Kids Clothing,Gildan,DTG,17.29,17.29,17.29,8,Black|Navy|Maroon|Royal|Dark Heather|Red|Sport Grey|White,back|front,largeCenter|leftChest|centerChest,0,True
Next Level Unisex T-shirt,pro_WTrDTfoZSjuG5Qtdt5qaag,Apparel,T-Shirts,Next Level,EMBROIDERY,14.25,14.25,18.25,13,Black|Charcoal|Midnight Navy|Royal|Red|Military Green|Heather Mauve|Dark Heather Gray|Orange|Stone Grey|Heather Tan|Sand|White,embroidery_sleeve_right_top|label_inside|label_outside|back|embroidery_chest_center|embroidery_chest_left|embroidery_large_center|embroidery_sleeve_left_top,,0,False
Table Runner,pro_rwY4MtJUTxSBb8_7r0V2yg,Home & Living,Holiday,Allcolor,SUBLIMATION,25.75,25.75,25.75,1,White,,,0,False
All-Over Print Recycled High Waisted Bikini,pro_c87c16ed132449e68f,Apparel,Swimwear,Sublicolor,ALL_OVER_PRINT,35.65,35.65,39.65,1,All-Over Print,,,0,False
Embroidered Patches,pro_a93a9a4eccd94b7cb6,Accessories,Patches,Allcolor,EMBROIDERY,8.95,8.95,8.95,2,Black|White,,,0,False
Bella+Canvas Unisex Heavyweight Garment-Dyed Tee,pro_g-yu12tUQZCQI59ec6NGzQ,Apparel,T-Shirts,Bella+Canvas,DTG,16.49,16.49,20.49,6,Washed Black|Washed Charcoal|Washed Maroon|Khaki|Light Washed Denim|Vintage White,sleeve_right|back|front|label_inside|label_outside|sleeve_left,fullSize|largeCenter|leftChest|centerChest,0,True
AS Colour Premium Oversized Faded T-Shirt,pro_225EgiqLR46twTj-hVwwRg,Apparel,T-Shirts,AS Colour,DTG,24.17,24.17,28.17,8,Faded Black|Faded Coal|Faded Indigo|Faded Grey|Faded Khaki|Faded Eucalyptus|Faded Bone|Faded White,back_large|back|front|front_large|label_inside|label_outside|sleeve_left|sleeve_right,fullSize|largeCenter|leftChest|centerChest|fullSize|largeCenter|leftChest|centerChest|largeCenter|leftChest|centerChest,0,True
Rabbit Skins Kids Crew Neck Sweatshirt,pro_Pio-Rw6YRaKWEAOKeeUe9Q,Apparel,Kids Clothing,Rabbit Skins,EMBROIDERY,17.5,17.5,17.5,6,Black|Navy|Red|Pink|Heather|Natural Heather,embroidery_chest_center,,0,False
Champion Men’s Crewneck Sweatshirt,pro_3b62f1a76ced4b0e91,Apparel,Sweatshirts,Champion,DTG,51.01,51.01,53.01,1,Black,back|embroidery_wrist_right|front,largeCenter|leftChest|centerChest,0,True
Stanley/Stella Unisex Essential Eco Hoodie,pro_XolW9rdiT466FMvRJQROMA,Apparel,Hoodies,Stanley/Stella,DTFX,33.2,33.2,34.75,6,Black|French Navy|Heather Grey|Canyon Pink|Desert Dust|White,label_inside_dtf|long_sleeve_left_dtf|long_sleeve_right_dtf|back_large_dtf|front_dtf,largeCenter|leftChest|centerChest,0,True
Cotton Heritage Youth Pullover Fleece ,pro_uIj7bXeOQjKKeTtpGY3a5g,Apparel,Kids Clothing,Cotton Heritage,EMBROIDERY,27.45,27.45,27.45,4,Black|Navy Blazer|Athletic Heather|White,back|embroidery_chest_center|embroidery_chest_left,,0,False
All-Over Print Men’s Cotton Crew Neck T-Shirt,pro_PK7ASfRrTMWRS0oUlOjwMw,Apparel,T-Shirts,Sublicolor,SUBLIMATION,24.99,24.99,26.99,1,White ,,,0,False
Capstone Distressed Denim Bucket Hat,pro_rC9paInZT2upmvKB-LuM6A,Accessories,Hats,Capstone,EMBROIDERY,19.95,19.95,19.95,4,Black Denim|Classic Denim|Classic / Light Denim|Light Denim,embroidery_front,,0,False
All-Over Print Headband,pro_6df4f9b3f9214e08ac,Accessories,Hats,Sublicolor,SUBLIMATION,7.09,7.09,7.09,1,White,default|label_inside,,0,False
All-Over Print Recycled Padded String Bikini Top,pro_mhj6IdQNRa2krlkm06lecg,Apparel,Swimwear,Sublicolor,ALL_OVER_PRINT,17.99,17.99,27.99,1,All-Over Print,,,0,False
Beechfield Corduroy Dad Hat,pro_a9ca89d53a3a4f8886,Accessories,Hats,Beechfield,EMBROIDERY,17.95,17.95,17.95,4,Black|Oxford Navy|Dark Olive|Camel,embroidery_back|embroidery_front|embroidery_left|embroidery_right,,0,False
Matte Paper Framed Poster With Mat,pro_TQ6DXO1UQiCanVVG3xBt3g,Home & Living,Wall Art,Allcolor,UV,35.7,35.7,80.07,3,Black|Red Oak|White,,,0,False
Rabbit Skins Toddler Pullover Fleece Hoodie ,pro_XTFPkdAUQFm0oKzYTnssLQ,Apparel,Kids Clothing,Rabbit Skins,DTG,18.95,18.95,18.95,9,Black|Navy|Royal|Red|Kelly|Raspberry|Heather|Pink|White,back|front,largeCenter|leftChest|centerChest,0,True
Adidas Space-Dyed Polo Shirt,pro_N4l_2rtTTZax_fPnW-pzEw,Apparel,Polo Shirts,Adidas,EMBROIDERY,54.01,54.01,60.01,4,Black Melange|Collegiate Navy Melange|Collegiate Royal Melange|Grey One Heather,embroidery_chest_left|embroidery_sleeve_left_top,,0,False
Big Accessories Golf Rope Cap,pro_wbwrbdEjQMCKxV0nHA9-fg,Accessories,Hats,Big Accessories,EMBROIDERY,14.99,14.99,14.99,5,Black/White|Navy/Mint|Turquoise/White|Lt Gray/Navy|Yellow/Navy,embroidery_back|embroidery_front,,0,False
Bella+Canvas Unisex Midweight Sweatpants,pro_chRp9eyeRnm1fvuFgo0N0g,Apparel,Bottoms,Bella+Canvas,DTG,36.5,36.5,40.5,6,Black|Navy|Asphalt|Athletic Heather|Dust|Vintage Heather Grey,leg_back_left|leg_back_right|leg_front_left|leg_front_right,,0,True
SOL'S Unisex Organic Raglan Sweatshirt,pro_AZf5B6ulREyJzwmRJhnKOA,Apparel,Sweatshirts,SOL'S,DTFX,29.58,29.58,33.58,6,Black|Burgundy|Charcoal Melange|Bottle green|Burnt Orange|White,back_dtf|front_dtf|long_sleeve_left_dtf|long_sleeve_right_dtf,largeCenter|leftChest|centerChest,0,True
Arctic Zone Titan Tumbler 30oz,pro_QFIsRXwJS0mWZydO91G2rA,Drinkware,Tumblers,Spoke,UV,29.95,29.95,29.95,2,Black|White,default,front,0,True
AS Colour Unisex Premium Heavyweight Long Sleeve Shirt,pro_olwS9NvGSjOXzS646WN0KQ,Apparel,Long Sleeve Tees,AS Colour,EMBROIDERY,28.09,28.09,32.09,7,Black|Midnight Blue|Cypress|Clay|Butter|Ecru|White,embroidery_large_front|embroidery_wrist_left|back|embroidery_chest_center|embroidery_chest_left|embroidery_wrist_right,,0,False
All-Over Print Recycled String Bikini,pro_OPtT4UntRqaITwbTKf9BaA,Apparel,Swimwear,Sublicolor,ALL_OVER_PRINT,27.49,27.49,37.49,1,All-Over Print,,,0,False
All-Over Print Recycled Bandeau Bikini Top,pro_HoZGRhOJQhONzQ2okZ3BoQ,Apparel,Swimwear,Sublicolor,ALL_OVER_PRINT,13.95,13.95,23.95,1,All-Over Print,label_inside|lining_top|top_back|top_front,,0,False
Adidas Sport Polo Shirt,pro_vResl8K_TOiYmAZGjtcR8g,Apparel,Polo Shirts,Adidas,EMBROIDERY,40.8,40.8,46.8,5,Black|Collegiate Navy|Collegiate Royal|Grey Three|White,embroidery_chest_left|embroidery_sleeve_left_top,,0,False
Lane Seven Premium Pullover Hoodie,pro_pxEN1TCYTDOhI94Lmm3mVQ,Apparel,Hoodies,Lane Seven,EMBROIDERY,26.25,26.25,30.25,7,Black|Navy|Charcoal Heather|Heather Grey|Sandshell|Oatmeal Heather|White,embroidery_chest_center|embroidery_chest_left|embroidery_large_front|embroidery_wrist_left|embroidery_wrist_right,,0,False
Gildan Heavyweight T-Shirt,pro_e4677535402b4eeb81,Apparel,T-Shirts,Gildan,DTG,9.5,9.5,17.5,35,Black|Maroon|Navy|Forest Green|Purple|Dark Chocolate|Dark Heather|Royal|Cardinal|Turf Green|Charcoal|Red|Sapphire|Military Green|Heliconia|Graphite Heather|Brown Savana|Tropical Blue|Orange|Irish Green|Azalea|Carolina Blue|Sport Grey|Gold|Sand|Lime|Daisy|Sky|Natural|Light Pink|Yellow Haze|Ice Grey|Light Blue|Ash|White,back|back_large|front|front_large|label_inside|label_outside|sleeve_left|sleeve_right,fullSize|largeCenter|leftChest|centerChest|fullSize|largeCenter|leftChest|centerChest,0,True
Lane Seven Urban Sweatpants,pro_MU1fPCPZQcewBg5kEkdOOA,Apparel,Bottoms,Lane Seven,DTG,28.9,28.9,32.9,5,Black|Pebble Blue|Burro|Pistachio|White,leg_back_left|leg_back_right|leg_front_left|leg_front_right,,0,True
Lane Seven Urban Hoodie,pro_JDR6rRPiSf2ZZcdZv7kfBQ,Apparel,Hoodies,Lane Seven,DTG,33.95,33.95,37.95,3,Black|Sandshell|White,back|back_large|front|label_outside|sleeve_left|sleeve_right,largeCenter|leftChest|centerChest,0,True
AS Colour Unisex Premium T-Shirt,pro_BrepWMcMSgilXN4EM-X4Mw,Apparel,T-Shirts,AS Colour,EMBROIDERY,19.11,19.11,23.11,10,Black|Navy|Coal|Petrol Blue|Army|Charcoal|Bone|Natural|Ecru|White,back|embroidery_chest_center|embroidery_chest_left|embroidery_large_front|embroidery_sleeve_left_top|embroidery_sleeve_right_top,largeCenter|leftChest|centerChest,0,False
Otto Cap Low Profile Baseball Cap,pro_UMfTCe9RRHiTf5hoWdlqZQ,Accessories,Hats,Otto Cap,DTFX,14.65,14.65,14.65,7,Black|Dark Navy|Dark Green|Royal|Red|Khaki|White,front_dtf_hat,,0,True
Gildan Youth Classic Tee,pro_xVxqyeh6T2GlRkVPvmodkw,Apparel,Kids Clothing,Gildan,EMBROIDERY,12.73,12.73,12.73,13,Black|Navy|Royal|Charcoal|Red|Azalea|Gold|Sport Grey|Lime|Natural|Light Blue|Light Pink|White,embroidery_chest_center|embroidery_chest_left,,0,False
All-Over Print Crop Tee,pro_afd021a04f914a1fae,Apparel,T-Shirts,Sublicolor,ALL_OVER_PRINT,21.37,21.37,25.37,1,All-Over Print,,,0,False
Men's Athletic Shoes,pro_ayaWW0o9TjWE7QwwZ4RGqA,Accessories,Shoes,Allcolor,SUBLIMATION,42.0,42.0,42.0,1,White,,,0,False
Under Armour® Women's Polo Shirt,pro_hcWASkSHTi6S6vmNYqhsWQ,Apparel,Polo Shirts,Under Armour,EMBROIDERY,51.95,51.95,53.95,5,Black|Navy|Forest Green|Grey|White,embroidery_chest_left|embroidery_sleeve_left_top|embroidery_sleeve_right_top,,0,False
All-Over Print Recycled Men's Joggers,pro_400,Apparel,Bottoms,Sublicolor,ALL_OVER_PRINT,38.71,38.71,42.71,1,All-Over Print,,,0,False
Stanley/Stella Unisex Essential Organic Hoodie,pro_H-jWjhNQSbe0dVAoyyJWJg,Apparel,Hoodies,Stanley/Stella,DTG,41.04,41.04,49.04,6,Black|French Navy|India Ink Grey|Desert Dust|Heather Grey|White,front|label_inside|label_outside|sleeve_left|sleeve_right|back_large|back_large,fullSize|largeCenter|leftChest|centerChest,0,True
Die-Cut Magnets,pro_b1Ai8ULES4a98y1gcMqc6w,Accessories,Magnets,Allcolor,SUBLIMATION,3.32,3.32,5.87,1,White,default,fullSize,0,False
All-Over Print Unisex Athletic Shorts,pro_56eb094e138c4d9686,Apparel,Bottoms,Sublicolor,ALL_OVER_PRINT,25.45,25.45,29.45,1,All-Over Print,,,0,False
All-Over Print Unisex Track Pants,pro_20aAvMMERQGgO2e-mQ-rHg,Apparel,Bottoms,Sublicolor,ALL_OVER_PRINT,30.0,30.0,34.0,2,Black|White,,,0,False
Stanley/Stella Organic Cotton Kids T-Shirt,pro_KQGjKFASQE2mTp9w076gSQ,Apparel,Kids Clothing,Stanley/Stella,DTG,15.5,15.5,15.5,3,Black|French Navy|White,back|front|label_inside,largeCenter|leftChest|centerChest,0,True
Otto Cap Garment-Washed Baseball Cap,pro_VPTDxok3ROWQrQlONrGnlQ,Accessories,Hats,Otto Cap,DTFX,12.98,12.98,12.98,8,Black|Navy|Dark Green/Khaki|Navy/Khaki|Maroon|Gray|Dusty Rose|Khaki,front_dtf_hat,,0,True
AS Colour Unisex Relax Crew Neck Sweatshirt,pro_PZpWnq4mR_SexU7xCOMf7A,Apparel,Sweatshirts,AS Colour,EMBROIDERY,35.5,35.5,38.5,5,Black|Cypress|Shadow|Athletic Heather|Bone,embroidery_chest_center|embroidery_chest_left|embroidery_large_front,largeCenter|leftChest|centerChest,0,False
All-Over Print Shopping Bag,pro_nUCaI_VvRmaLxPvx_V6c4A,Accessories,Bags,Allcolor,SUBLIMATION,17.0,17.0,17.0,2,Black|White,,,0,False
Stanley/Stella Women's Organic Ribbed Neck T-Shirt,pro_Dt-YHffESNWZWihNYujr0w,Apparel,T-Shirts,Stanley/Stella,DTG,15.85,15.85,17.85,10,Black|French Navy|Green Bay|Fiesta|Bubble Pink|Heather Grey|Cool Heather Grey|Lavender|Off White|White,back|front|label_inside|label_outside|sleeve_left|sleeve_right,largeCenter|leftChest|centerChest,0,True
MagSafe® Tough Case for iPhone®,pro_MHfYEwXFRXW2-UR8kABKTQ,Accessories,Phone Accessories,Allcolor,SUBLIMATION,15.95,15.95,15.95,2,Matte|Glossy,default,,0,False
Next Level  Unisex Ringer T-Shirt,pro_tBcnrUjETPmYC5tyvKAiNw,Apparel,T-Shirts,Next Level,DTFX,14.5,14.5,18.5,5,Heather Gray / Black|Natural / Midnight Navy|Natural / Forest Green|Natural / Black|White / Black,back_dtf|front_dtf,largeCenter|leftChest|centerChest,0,True
Beechfield Pastel Dad Hat,pro_6f0c60d31d964328bf,Accessories,Hats,Beechfield,EMBROIDERY,18.5,18.5,18.5,5,Beige|Pastel Blue|Pastel Pink|Pastel Lemon|Pastel Mint,embroidery_back|embroidery_front|embroidery_front_large|embroidery_left|embroidery_right,,0,False
Bella+Canvas Women's Supersoft Relaxed-fit T-Shirt,pro_XblCMVtcQJ6y2Y3hmI2U_A,Apparel,T-Shirts,Bella+Canvas,DTG,13.7,13.7,17.7,23,Black|Maroon|Forest Green|Navy|Dark Grey Heather|Heather Navy|Military Green|Heather Deep Teal|Heather True Royal|Heather Mauve|Mauve|Heather Red|Leaf|Athletic Heather|Heather Marmalade|Heather Blue Lagoon|Sage|Heather Stone|Light Violet|Pink|White|Natural|Vintage White,back|back_large|front|front_large|label_inside,largeCenter|leftChest|centerChest|fullSize|largeCenter|leftChest|centerChest,0,True
Women's Slides,pro_vOSpTmgoToWgITljhqomog,Accessories,Shoes,Allcolor,SUBLIMATION,32.5,32.5,32.5,2,Black|White,,,0,False
Econscious Organic Cotton Tote,pro_5a05131dbedf41a39b,Accessories,Bags,Econscious,DTG,18.31,18.31,18.31,2,Black|Oyster,back|front,,0,True
Cotton Heritage Unisex Fleece Pullover,pro_IDPgZmZATdCzSf1XllcFYw,Apparel,Sweatshirts,Cotton Heritage,EMBROIDERY,23.15,23.15,27.15,3,Black|Navy|Carbon Grey,embroidery_chest_left|embroidery_large_center|embroidery_wrist_left|embroidery_wrist_right,largeCenter|leftChest|centerChest,0,False
Comfort Colors Youth Garment-Dyed Fleece Hooded Sweatshirt,pro_CjkJ9w72RPyiUNebTJV2Fw,Apparel,Kids Clothing,Comfort Colors,DTG,24.95,24.95,24.95,7,Black|Crimson|Grey|Blue Jean|Peachy|Chalky Mint|Ivory,back|front,largeCenter|leftChest|centerChest,0,True
Bella+Canvas Women's Fleece Crop Hoodie,pro_wIgk77XsQiqUsK10sLxD8A,Apparel,Crop Tops,Bella+Canvas,DTG,33.15,33.15,35.15,3,Black|Military Green|Storm,back|embroidery_wrist_left|embroidery_wrist_right|front|sleeve_left|sleeve_right,largeCenter|leftChest|centerChest,0,True
Stainless Steel Travel Mug,pro_56b446304d1042a587,Drinkware,Coffee Mugs,Spoke,SUBLIMATION,17.35,17.35,17.35,1,All-Over Print,default,front,0,True
Otto Wool Blend Snapback Cap,pro_ad0aba45e4804c6287,Accessories,Hats,Otto Cap,EMBROIDERY,17.19,17.19,17.19,17,Black|Red / Black / Black|Burgundy maroon|Navy blue|Charcoal gray|Black / Charcoal gray / Charcoal gray|Red|Gray / Black / Black|Purple / Black / Black|Black / Red / Red|Kelly green|Aqua blue / Black / Black|Orange / Black / Black|Black / Gray / Gray|Gold / Black / Black|Black / White / White|White,embroidery_front|embroidery_front_large|embroidery_left|embroidery_right|embroidery_back,fullSize,0,False
All-Over Print Premium Pillow Case,pro_31837649f7494d55a5,Home & Living,Pillows,Sublicolor,SUBLIMATION,16.95,15.95,17.95,1,All-Over Print,,,0,False
Gildan Women's Pique Polo Shirt ,pro_Bv69Ybx5SsG8-QRJ6N1jQg,Apparel,Polo Shirts,Gildan,EMBROIDERY,18.29,18.29,20.29,4,Black|Navy|Sport Grey|White,embroidery_chest_left|embroidery_large_center|embroidery_sleeve_left_top|embroidery_sleeve_right_top,,0,False
Yupoong Trucker Cap,pro_0a6837d41a7e4b08ae,Accessories,Hats,Yupoong,EMBROIDERY,15.79,15.79,15.79,8,Black/White/Black|Black|Navy/White/Navy|Royal/White/Royal|Charcoal|Kelly/White/Kelly|Red/White/Red|White,embroidery_front_large,,0,False
Stainless Steel Water Bottle,pro_382,Drinkware,Water Bottles,Allcolor,SUBLIMATION,20.35,20.35,20.35,2,Black|White,default,front,0,True
Comfort Colors Youth Garment-Dyed Heavyweight T-Shirt,pro_2CK8ZHbUR66AWy-GWkDugg,Apparel,Kids Clothing,Comfort Colors,EMBROIDERY,16.5,16.5,16.5,10,Black|Pepper|Blue Jean|Violet|Crunchberry|Blossom|Orchid|Island Reef|Chambray|White,embroidery_chest_center|embroidery_chest_left,,0,False
Stanley/Stella Women's Organic Ribbed Neck T-Shirt,pro_oj4ARjXxT8u9BOBznfLeTA,Apparel,T-Shirts,Stanley/Stella,EMBROIDERY,17.64,17.64,19.64,10,Black|French Navy|Green Bay|Fiesta|Bubble Pink|Heather Grey|Cool Heather Grey|Lavender|Off White|White,embroidery_chest_center|embroidery_chest_left|embroidery_sleeve_left_top|embroidery_sleeve_right_top,,0,False
Framed High-Quality Matte Poster,pro_kRSsoYjwSoyyTEmWko5o0A,Home & Living,Wall Art,Allcolor,PRINTED,20.35,20.35,74.41,3,Black|Red Oak|White,default,,0,True
Gildan Unisex Heavy Blend Zip Hoodie,pro_mhfoA-4rSpyJqmCEA4OFxA,Apparel,Hoodies,Gildan,EMBROIDERY,27.47,27.47,35.47,14,Black|Navy|Dark Chocolate|Forest Green|Purple|Royal|Cardinal Red|Dark Heather|Red|Carolina Blue|Irish Green|Sport Grey|White|Ash,back|embroidery_chest_left|embroidery_large_center|embroidery_wrist_left|embroidery_wrist_right,,0,False
All-Over Print Kids Swimsuit,pro_938721852e0648fc83,Apparel,Kids Clothing,Sublicolor,ALL_OVER_PRINT,22.39,22.39,22.39,1,All-Over Print,,,0,False
20oz Stainless Steel Tumbler,pro_70dcd2d2a91f478a8f,Drinkware,Tumblers,Spoke,SUBLIMATION,17.5,17.5,17.5,1,All-Over Print,default,front,0,False
Stainless Steel Koozie,pro_854035a9adc0423a8d,Drinkware,Tumblers,Spoke,SUBLIMATION,16.8,16.8,16.8,1,All-Over Print,default,front,0,True
Gildan Unisex Heavy Blend Zip Hoodie,pro_95invf6OQiKI7BuoXvvfYQ,Apparel,Hoodies,Gildan,DTFX,24.43,24.43,32.43,14,Black|Navy|Dark Chocolate|Forest Green|Purple|Royal|Cardinal Red|Dark Heather|Red|Carolina Blue|Irish Green|Sport Grey|White|Ash,back_large_dtf|back_large_dtf|front_dtf|label_inside_dtf|long_sleeve_left_dtf|long_sleeve_right_dtf,leftChest,0,True
Set of Pin Buttons,pro_3Ttr7zN_TRaFg-wQbD3Ibw,Accessories,Pins,Sublicolor,SUBLIMATION,8.25,8.25,9.25,1,White,front|third|front|first|second,front|front|front|front|front,0,False
Adidas Lightweight Quarter-Zip Pullover,pro_ZCv5wljzTgeAp4w-Mw3uuQ,Apparel,Sweatshirts,Adidas,EMBROIDERY,61.2,61.2,67.2,4,Black|Collegiate Navy|Black Heather|White,embroidery_chest_left|embroidery_wrist_left|embroidery_wrist_right,,0,False
Bella+Canvas Unisex Oversized Midweight Sweatshirt,pro_b017OW6DSX6CfI0muPpb7w,Apparel,Sweatshirts,Bella+Canvas,EMBROIDERY,35.5,35.5,39.5,7,Vintage Black|Black|Navy|Maroon|Athletic Heather|Dust|White,embroidery_chest_center|embroidery_chest_left|embroidery_large_front|embroidery_wrist_left|embroidery_wrist_right,largeCenter|leftChest|centerChest,0,False
Gildan Ultra Cotton Long Sleeve T-Shirt,pro_AJTZJzqjQhCcfUvjs5aocw,Apparel,Long Sleeve Tees,Gildan,EMBROIDERY,16.29,16.29,22.29,15,Black|Navy|Maroon|Forest Green|Royal|Military Green|Red|Indigo Blue|Sport Grey|Irish Green|Light Blue|Sand|Light Pink|Ash|White,back|embroidery_chest_center|embroidery_chest_left|embroidery_large_center|embroidery_wrist_left|embroidery_wrist_right|label_inside|label_outside,,0,False
SOL'S Unisex Eco Raglan Hoodie,pro_babe0231d88c4eda88,Apparel,Hoodies,SOL'S,DTG,35.7,35.7,39.7,6,Black|Burgundy|Charcoal Melange|Bottle green|Burnt Orange|White,back|embroidery_wrist_left|embroidery_wrist_right|front|sleeve_left|sleeve_right,largeCenter|leftChest|centerChest,0,True
BagBase Urban Crossbody Bag,pro_pg1s-2xPRNa4s_WMYSulSw,Accessories,Bags,BagBase,EMBROIDERY,28.69,28.69,28.69,2,Black|Natural Stone,embroidery_apparel_front,,0,False
Black Foot Sublimated Socks,pro_c899d29d5e504ba782,Accessories,Socks,Basket,SUBLIMATION,10.15,10.15,10.15,1,All-Over Print,,,0,False
Gildan Women's Pique Polo Shirt,pro_lTrgWBIrSOK2IyDeGJ25ww,Apparel,Polo Shirts,Gildan,DTFX,16.55,16.55,18.55,4,Black|Navy|Sport Grey|White,chest_left_dtf,,0,True
Classic Mouse Pad,pro_27a6557d9c564482ac,Accessories,Desk Mats,Allcolor,SUBLIMATION,9.13,9.13,9.13,1,White,default,,0,True
All-Over Print Unisex Cotton Sweatshirt,pro_Lb51U0TSTDeYSp_h8a-JtQ,Apparel,Sweatshirts,Sublicolor,SUBLIMATION,38.99,38.99,48.99,1,White,,,0,False
AS Colour Women's Relaxed Hoodie,pro_9LaSyDgPT0es5HU1eaZt-Q,Apparel,Hoodies,AS Colour,DTG,34.5,34.5,36.5,2,Black|Charity Pink,back_large|back_large|front|label_outside|sleeve_left|sleeve_right,largeCenter|leftChest|centerChest,0,True
AS Colour Women's Classic Tee,pro_odr9QTauTISHL6ECFqjVMA,Apparel,Crop Tops,AS Colour,DTG,18.55,18.55,20.55,4,Black|Navy|Hazy Pink|White,back|front|label_inside|sleeve_left|sleeve_right,largeCenter|leftChest|centerChest,0,True
Econscious Organic Cotton Tote,pro_39t0AIq0QeWdmOKym5sx9g,Accessories,Bags,Econscious,DTFX,18.31,18.31,18.31,2,Black|Oyster,back_dtf_tote|front_dtf_tote,,0,True
Bella+Canvas Women's Micro-Rib Tank Top,pro_ol-LjJvbQH2gwnx9J8hLzg,Apparel,Tank Tops,Bella+Canvas,EMBROIDERY,20.85,20.85,20.85,6,Solid Black Blend|Solid Navy Blend|Athletic Heather|Solid Baby Blue Blend|Solid Pink Blend|Solid White Blend,embroidery_chest_center,,0,False
AS Colour Women's Classic Long Sleeve Tee,pro_xYaNa8GoT5-LgPB4ObOiIg,Apparel,Long Sleeve Tees,AS Colour,DTG,24.45,24.45,26.45,5,Navy|Black|Orchid|Ecru|White,back|front|label_inside,largeCenter|leftChest|centerChest,0,True
Lane Seven Premium Crewneck Sweatshirt,pro_EYvD6dHZRNO4QdKC9cRf0Q,Apparel,Sweatshirts,Lane Seven,DTG,21.75,21.75,25.75,11,Black|Navy|Sports Green|Smoke|Purple|True Royal|Cardinal|Heather Grey|Sandshell|Oatmeal Heather|White,back_large|back_large|front|front_large|label_outside|sleeve_left|sleeve_right,fullSize|largeCenter|leftChest|centerChest|fullSize|largeCenter|leftChest|centerChest,0,True
Bella+Canvas Short Sleeve V-Neck Jersey T-Shirt,pro_zk5p82pQTtyqRWw6SKbAuA,Apparel,T-Shirts,Bella+Canvas,EMBROIDERY,18.09,18.09,20.09,5,Black|Navy|Dark Grey Heather|Athletic Heather|White,embroidery_sleeve_right_top|label_inside|label_outside|back|embroidery_chest_center|embroidery_chest_left|embroidery_sleeve_left_top,,0,False
All-Over Print Utility Crossbody Bag,pro_HzA8JsVySNi3NUkIfmCB6g,Accessories,Bags,Allcolor,SUBLIMATION,20.35,20.35,20.35,1,White,back|front|label_inside|label_outside|pocket,,0,False
All-Over Print Recycled Bandeau Bikini,pro__-VJe6PLSryAZx10O2gTnw,Apparel,Swimwear,Sublicolor,ALL_OVER_PRINT,29.95,29.95,39.95,1,All-Over Print,bottom_back|bottom_front|label_inside|lining_bottom|lining_top|top_back|top_front,,0,False
Bella+Canvas Women's Relaxed V-Neck T-Shirt,pro_s_PNYCavSJujkRqidgnbJA,Apparel,T-Shirts,Bella+Canvas,EMBROIDERY,17.27,17.27,17.27,8,Solid Black Blend|Dark Grey Heather|Heather Navy|Heather Slate|Heather Mauve|Berry|Turquoise|Solid White Blend,back|embroidery_chest_center|embroidery_chest_left|embroidery_sleeve_left_top|embroidery_sleeve_right_top,,0,False
Bella+Canvas Triblend Short Sleeve T-Shirt,pro_-bngIa6-TG2W4a5dOab_6g,Apparel,T-Shirts,Bella+Canvas,DTFX,18.2,18.2,22.2,21,Black Heather Triblend|Charcoal Black Triblend|Navy Triblend|Cardinal Triblend|Emerald Triblend|True Royal Triblend|Brown Triblend|Military Green Triblend|Grass Green Triblend|Steel Blue Triblend|Purple Triblend|Grey Triblend|Red Triblend|Aqua Triblend|Blue Triblend|Green Triblend|Orange Triblend|Yellow Gold Triblend|Oatmeal Triblend|Solid White Triblend|White Fleck Triblend,back|front|label_inside|sleeve_left|sleeve_right,largeCenter|leftChest|centerChest,0,True
Enhanced Matte Paper Poster,pro_15bc29bc8a324d449d,Home & Living,Wall Art,Allcolor,PRINTED,5.5,5.5,18.0,1,White,default,,0,True
 BagBase Cotton Color Tote Bag,pro_zvJp6rm7Rd2ILcwdxA16cA,Accessories,Bags,BagBase,DTFX,9.98,9.98,9.98,12,Black|French Navy|Burgundy|Bottle Green|Classic Red|Orange|Coral|Mustard|Light Grey|Classic Pink|Mint|Natural,back_dtf_tote|front_dtf_tote,,0,True
Stanley/Stella Women's Sculpted Heavyweight Zip-Thru Hoodie,pro_tuCVn0gtSReDaSOxRqT5tQ,Apparel,Hoodies,Stanley/Stella,EMBROIDERY,58.0,58.0,60.0,2,Black|Stone,embroidery_chest_left|embroidery_large_back,,0,False
All-Over Print Recycled V-Cut Bikini Bottom,pro_XpYSISIMSxOlRh4grbfjzQ,Apparel,Swimwear,Sublicolor,ALL_OVER_PRINT,19.95,19.95,29.95,1,All-Over Print,bottom_back|bottom_front|lining_bottom|label_inside,,0,False
All-Over Print Recycled String Bikini Bottom,pro_MZA4buigQZaOqflqg_pTuw,Apparel,Swimwear,Sublicolor,ALL_OVER_PRINT,14.23,14.23,24.23,1,All-Over Print,,,0,False
Stanley/Stella Women's Sculpted Heavyweight Zip-Thru Hoodie,pro_YjH-kTehTjyaRgp9Y8kAbw,Apparel,Hoodies,Stanley/Stella,DTFX,56.25,56.25,58.25,2,Black|Stone,back_dtf|front_dtf|label_inside_dtf,leftChest,0,True
All-Over Print Crossover Leggings with Pockets,pro_9T8nQsxGROKwcQxFoY-KeQ,Apparel,Bottoms,Sublicolor,SUBLIMATION,35.65,35.65,45.65,1,White,,,0,False
Gildan Youth Heavy Blend Hoodie,pro_QRO0uPxBQ9iVqrXL87cb0Q,Apparel,Kids Clothing,Gildan,DTFX,19.33,19.33,19.33,8,Black|Navy|Dark Heather|Royal|Carolina Blue|Light Pink|White|Sport Grey,back_dtf|front_dtf,largeCenter|leftChest|centerChest,0,True
AS Colour Unisex Premium Relaxed Hoodie,pro_oEH9q7C-T2uYRwekI8XCSg,Apparel,Hoodies,AS Colour,DTG,38.46,38.46,42.46,11,Black|Pine Green|Cobalt|Chestnut|Clay|Cypress|Sand|Carolina Blue|Athletic Heather|White Heather|White,back_large|back_large|front|label_outside|sleeve_left|sleeve_right,fullSize|largeCenter|leftChest|centerChest,0,True
Stanley/Stella Unisex Sculpted Heavyweight Hoodie,pro_OirsyY9TTwiBEDimkmwb9w,Apparel,Hoodies,Stanley/Stella,DTFX,60.5,60.5,64.5,2,Black|Stone,back_dtf|front_large_dtf|front_large_dtf|label_inside_dtf,largeCenter|leftChest|centerChest|fullSize|largeCenter|leftChest|centerChest|fullSize,0,True
All-Over Print Youth Recycled Mesh Shorts,pro_euoCZvUGQWm-RzZNs4W_Fg,Apparel,Kids Clothing,Sublicolor,ALL_OVER_PRINT,22.95,22.95,22.95,1,All-Over Print,back|front|label_inside|label_outside,,0,False
Independent Trading Co. Midweight Hoodie,pro_Y38u5WS7RrGfZSiQ8QcxdA,Apparel,Hoodies,Independent Trading Co.,DTG,31.82,31.82,33.82,16,Black|Classic Navy|Charcoal Heather|Purple|Alpine Green|Army|Storm Blue|Gunmetal Heather|Mint|Light Pink|Peach|Dusty Sage|Blue Aqua|Grey Heather|Bone|White,embroidery_wrist_left|embroidery_wrist_right|front|back|label_outside|sleeve_left|sleeve_right,fullSize|largeCenter|leftChest|centerChest,0,True
Big Accessories Bucket Hat,pro_LdJboRuzTlStLs5NfRas5w,Accessories,Hats,Big Accessories,DTFX,17.29,17.29,17.29,3,Black|Navy|White,front_dtf_hat,,0,True
Stanley/Stella Unisex Former Sculpted Heavyweight Sweatshirt ,pro_tGQ-hxS-T2GK-2bf-D59sw,Apparel,Sweatshirts,Stanley/Stella,DTFX,48.95,48.95,52.95,2,Black|Stone,back_dtf|front_large_dtf|front_large_dtf|label_inside_dtf,largeCenter|leftChest|centerChest|fullSize|largeCenter|leftChest|centerChest|fullSize,0,True
Flip-Flops,pro_3004c1c36d6a48b481,Accessories,Shoes,Allcolor,SUBLIMATION,14.14,14.14,14.14,1,White,default|label_inside,,0,False
All-Over Print Men's Rash Guard,pro_3e7ecf3562a14dd29b,Apparel,Long Sleeve Tees,Sublicolor,SUBLIMATION,34.63,34.63,38.63,1,White,,,0,False
Next Level Premium Fitted Long Sleeve Crew ,pro_alk8KjBwRTmImltno5734w,Apparel,Long Sleeve Tees,Next Level,EMBROIDERY,19.58,19.58,21.58,3,Black|Heavy Metal|White,back|embroidery_chest_center|embroidery_chest_left|label_inside|label_outside,,0,False
All-Over Print Recycled Unisex Sweatshirt,pro_320,Apparel,Sweatshirts,Sublicolor,ALL_OVER_PRINT,34.63,34.63,44.63,1,All-Over Print,,,0,False
Premium Sustainable Crew Socks,pro_PnLI7OI4SseMHnBhDnHzDQ,Accessories,Socks,Tribe Socks,SUBLIMATION,9.95,9.95,9.95,1,All-Over Print,default,leftSock|rightSock,0,False
Independent Trading Co. Fleece Zip Up Hoodie,pro_X1k0vo6XSLOZOXcHwSAe8A,Apparel,Hoodies,Independent Trading Co.,DTG,35.9,35.9,37.9,4,Black|Charcoal Heather|Navy|Alpine Green,back|embroidery_wrist_left|embroidery_wrist_right|front|label_outside|sleeve_left|sleeve_right,leftChest,0,True
Stanley/Stella Unisex Organic Oversized T-Shirt,pro_W5aAA7zVQD-1nvOH8sXoRg,Apparel,T-Shirts,Stanley/Stella,EMBROIDERY,23.14,23.14,25.14,5,Black|French Navy|Heather Grey|Stone|White,back|embroidery_chest_center|embroidery_chest_left|embroidery_sleeve_left_top|embroidery_sleeve_right_top|label_inside|label_outside,,0,False
AS Colour Unisex Premium Heavyweight Long Sleeve Shirt,pro_Gke2BSS5Tc2pABL9Pfk4gg,Apparel,Long Sleeve Tees,AS Colour,DTG,25.31,25.31,29.31,7,Black|Midnight Blue|Cypress|Clay|Butter|Ecru|White,back|back_large|embroidery_wrist_left|embroidery_wrist_right|front|front_large|label_outside|sleeve_left|sleeve_right,fullSize|largeCenter|leftChest|centerChest|largeCenter|leftChest|centerChest,0,True
Independent Trading Co. Fleece Zip Up Hoodie,pro_DZkw80OUR3erDir8RiP2rw,Apparel,Hoodies,Independent Trading Co.,EMBROIDERY,36.65,36.65,38.65,4,Black|Charcoal Heather|Navy|Alpine Green,back|embroidery_chest_left|embroidery_large_center|embroidery_wrist_left|embroidery_wrist_right,,0,False
Bella+Canvas Unisex Sponge Fleece Raglan Sweatshirt,pro_mmQSH5rhRpu6lOet69TdCg,Apparel,Sweatshirts,Bella+Canvas,DTG,27.86,27.86,30.58,6,Black|True Royal|Dark Grey Heather|Heather Navy|Red|Athletic Heather,back|front|sleeve_left|sleeve_right,largeCenter|leftChest|centerChest,0,True
Thin Canvas (in),pro__bw1lug-S9qtAWjykD6lmQ,Home & Living,Wall Art,Allcolor,PRINTED,14.54,14.54,54.06,1,All-Over Print,default,,0,False
Cotton Heritage Unisex Premium Hoodie,pro_Ve53HhSHT565G7Uw5H1_EA,Apparel,Hoodies,Cotton Heritage,DTFX,27.29,27.29,31.29,21,Black|Navy Blazer|Charcoal Heather|Vintage Black|Team Royal|Maroon|Forest Green|Purple|Military Green|Team Red|Adobe|Latte|Dusty Rose|Team Gold|Carbon Grey|Light Pink|Lavender|Bone|Oatmeal Heather|Sky Blue|White,back_large_dtf|back_large_dtf|front_dtf|label_inside_dtf|long_sleeve_left_dtf|long_sleeve_right_dtf,largeCenter|leftChest|centerChest,0,True
Tultex Fine Jersey Raglan Tee ,pro_M4qDVsunSaC5rOl3fckmmw,Apparel,Long Sleeve Tees,Tultex,EMBROIDERY,19.87,19.87,21.87,11,Black/White|White/Navy|Heather Denim/Navy|White/Royal|Heather Grey/Heather Charcoal|Heather Grey/Heather Red|White/Red|White/Kelly|Heather Grey/Black|White/Heather Charcoal|White/Black,embroidery_chest_center|embroidery_chest_left|label_inside,,0,False
Econscious Eco-Friendly Tote Bag,pro_auD0xiKtSymB5pwBrrCc3A,Accessories,Bags,Econscious,DTFX,15.56,15.56,15.56,2,Black|Oyster,back_dtf_tote|front_dtf_tote,,0,True
AS Colour Youth Classic Tee,pro_yyIfskT9RJK4Nzd3mFcz9Q,Apparel,Kids Clothing,AS Colour,DTG,18.45,18.45,18.45,5,Navy|Black|Red|Storm|White,back|front|label_inside,largeCenter|leftChest|centerChest,0,True
Cotton Heritage Men's Heavyweight Long Sleeve,pro_pUZxZCZNQZy1QFowPVwcJQ,Apparel,Long Sleeve Tees,Cotton Heritage,EMBROIDERY,19.31,19.31,23.21,5,Black|Harbor Blue|Agave|Carbon Grey|White,embroidery_chest_center|embroidery_chest_left|embroidery_large_front|embroidery_wrist_left|embroidery_wrist_right,,0,False
Under Armour® Men's Polo Shirt,pro_BirtPmLITdaD0Qn0BUs-BQ,Apparel,Polo Shirts,Under Armour,DTFX,50.2,50.2,52.2,5,Black|Navy|Forest Green|Grey|White,back_large_dtf|back_large_dtf|chest_left_dtf|short_sleeve_left_dtf|short_sleeve_right_dtf,,0,True
Bella+Canvas Women's Flowy Muscle Tank,pro_4b5a93f26f5a4aa18c,Apparel,Tank Tops,Bella+Canvas,DTG,18.31,18.31,20.31,4,Heather Olive|Dusty Blue|Peach|White,front,largeCenter|leftChest|centerChest,0,True
Comfort Colors Women's Heavyweight Boxy T-Shirt,pro_N4uxZFmfQ42ATPkh_CEh6w,Apparel,T-Shirts,Comfort Colors,DTG,14.95,14.95,16.95,5,Black|Pepper|Orchid|Ivory|White,back|front|label_outside|sleeve_left|sleeve_right,largeCenter|leftChest|centerChest,0,True
Richardson Trucker Hat,pro_e8da30cfb6df4f8c82,Accessories,Hats,Richardson,EMBROIDERY,18.89,18.89,18.89,7,Black / Charcoal|Black|Charcoal/Black|Loden|Heather Grey/White|Heather Grey / Black|Black / White,embroidery_front|embroidery_front_large,,0,False
All-Over Print Padded Sports Bra,pro_a7441f1041474b6ab2,Apparel,Activewear,Sublicolor,ALL_OVER_PRINT,28.51,28.51,30.51,2,Black|White,,,0,False
All-Over Print Men's Leggings,pro_0b3ff6cb56e44d3d83,Apparel,Bottoms,Sublicolor,SUBLIMATION,30.55,30.55,34.55,1,White,,,0,False
Otto Distressed Dad Hat,pro_bd2e2b0d02e04dd8b4,Accessories,Hats,Otto Cap,EMBROIDERY,15.99,15.99,15.99,4,Black|Navy|Charcoal Grey|Khaki,embroidery_front_large|embroidery_front_large|embroidery_left|embroidery_right|embroidery_back,,0,False
Bella+Canvas Short Sleeve V-Neck Jersey T-Shirt,pro_b4a416f1c5ac4899ae,Apparel,T-Shirts,Bella+Canvas,DTG,17.2,17.2,19.2,5,Black|Navy|Dark Grey Heather|Athletic Heather|White,back|front|label_inside|label_outside,largeCenter|leftChest|centerChest,0,True
SOL'S Unisex Organic Sweatshirt,pro_a73844d1f2124fc997,Apparel,Sweatshirts,SOL'S,EMBROIDERY,27.47,27.47,29.47,8,Black|Bottle Green|Deep Charcoal Grey|French Navy|Royal Blue|Red|Grey Melange|White,back|embroidery_chest_center|embroidery_chest_left|embroidery_large_center|embroidery_wrist_left|embroidery_wrist_right|label_outside,,0,False
All-Over Print Case for AirPods®,pro_HHCW1ImeR_GGNmZEP9Gknw,Accessories,Phone Accessories,Allcolor,SUBLIMATION,15.3,15.3,15.3,1,White,,,0,False
Pet Leash,pro_RgRnLHwDRci57LfR2Z7seQ,Accessories,Pet Accessories,Sublicolor,SUBLIMATION,19.77,19.77,19.77,1,White,back|front|label_inside,,0,False
Bella+Canvas Baby Short Sleeve One Piece ,pro_a448a4717f2f477e86,Apparel,Kids Clothing,Bella+Canvas,DTG,13.52,13.52,13.52,7,Black|Dark Grey Heather|Heather Columbia Blue|Athletic Heather|Pink|Yellow|White,back|front,largeCenter|leftChest|centerChest,0,True
Cotton Heritage Unisex Premium Hoodie,pro__Bh8rYvsRL6Mr-WEeuMMBQ,Apparel,Hoodies,Cotton Heritage,EMBROIDERY,30.3,30.3,34.3,22,Black|Navy Blazer|Charcoal Heather|Vintage Black|Team Royal|Maroon|Forest Green|Purple|Military Green|Team Red|Adobe|Latte|Dusty Rose|Carolina Blue|Team Gold|Carbon Grey|Light Pink|Lavender|Bone|Oatmeal Heather|Sky Blue|White,embroidery_wrist_left|embroidery_wrist_right|label_inside|label_outside|back|embroidery_chest_center|embroidery_chest_left|embroidery_large_center,largeCenter|leftChest|centerChest,0,False
Knitted Cardigan Without Pocket,pro_jxzU4X9-SpuG6MnU0DDPIg,Apparel,Sweaters,Knitwise,KNITTING,41.0,41.0,41.0,1,Knitted,default,back|rightSleeve|leftSleeve|rightLapel|leftLapel|rightLapelTop|leftLapelTop,0,False
AS Colour Classic Tee,pro_C2FgPZB0Q0qCj3trHHaBag,Apparel,T-Shirts,AS Colour,DTG,19.57,19.57,27.57,17,Black|Navy|Midnight|Petrol Blue|Army|Clay|Autumn|Camel|Athletic Heather|Pistachio|Yellow|Pale Blue|Pale Pink|Lagoon|Orchid|White|Ecru,back|front|label_inside|sleeve_left|sleeve_right,largeCenter|leftChest|centerChest,0,True
Knitted Crewneck Sweater Classic Fit,pro_quHTYBtVRFqTh6ODh8g9Bw,Apparel,Sweaters,Knitwise,KNITTING,38.0,38.0,38.0,1,Knitted,default,front|back|leftSleeve|rightSleeve,0,False
Gildan Heavyweight T-Shirt,pro_8d6f583046aa433f93,Apparel,T-Shirts,Gildan,EMBROIDERY,12.48,12.48,20.48,35,Black|Maroon|Navy|Forest Green|Purple|Dark Chocolate|Dark Heather|Royal|Cardinal|Turf Green|Charcoal|Red|Sapphire|Military Green|Heliconia|Graphite Heather|Brown Savana|Tropical Blue|Orange|Irish Green|Azalea|Carolina Blue|Sport Grey|Gold|Sand|Lime|Daisy|Sky|Natural|Light Pink|Yellow Haze|Ice Grey|Light Blue|Ash|White,label_inside|label_outside|back|embroidery_chest_center|embroidery_chest_left|embroidery_large_center|embroidery_sleeve_left_top|embroidery_sleeve_right_top,largeCenter|leftChest|centerChest,0,False
All-Over Print Youth Crew Neck T-Shirt,pro_5a4e01c344354b4691,Apparel,Kids Clothing,Sublicolor,ALL_OVER_PRINT,19.95,19.95,19.95,1,All-Over Print,,,0,False
Pet Collar,pro_XHb2pillRqe9mDDuKq_t3g,Accessories,Pet Accessories,Sublicolor,SUBLIMATION,17.23,17.23,17.23,1,White,front|label_inside,,0,False
Gildan Classic Hoodie,pro_xacgglXiT12bHuGgta6h9g,Apparel,Hoodies,Gildan,DTFX,22.2,22.2,30.2,18,Black|Navy|Maroon|Royal|Heather Sport Dark Navy|Dark Heather|Graphite Heather|Red|Indigo Blue|Military Green|Irish Green|Azalea|Sand|Light Blue|Sport Grey|Light Pink|Ash|White,back_dtf|back_large_dtf|front_dtf|label_inside_dtf|long_sleeve_left_dtf|long_sleeve_right_dtf,largeCenter|leftChest|centerChest,0,True
Lane Seven Premium Crewneck Sweatshirt,pro_PFAKiNZBQuqPinMkeIITEQ,Apparel,Sweatshirts,Lane Seven,DTFX,21.75,21.75,25.75,6,Black|Navy|Charcoal Heather|Heather Grey|Oatmeal Heather|White,back|front|label_inside|sleeve_left|sleeve_right,largeCenter|leftChest|centerChest,0,True
Bella+Canvas Supersoft Hoodie,pro_fU4jV1zGTdKeMEe2YF01zg,Apparel,Hoodies,Bella+Canvas,DTFX,31.06,31.06,33.06,7,Black|Navy|Royal|Dark Grey Heather|Red|Athletic Heather|White,back|front|label_inside|sleeve_left|sleeve_right,largeCenter|leftChest|centerChest,0,True
Stanley/Stella Unisex Organic Oversized T-Shirt,pro_3urOKteTRXmHmLyvNM_48w,Apparel,T-Shirts,Stanley/Stella,DTFX,21.35,21.35,23.35,5,Black|French Navy|Heather Grey|Stone|White,back_large_dtf|back_large_dtf|front_large_dtf|front_large_dtf|short_sleeve_left_dtf|short_sleeve_right_dtf,largeCenter|leftChest|centerChest|largeCenter|leftChest|centerChest,0,True
AS Colour Stencil Hoodie,pro_MfLju-lLRlO81JP6h-1ndQ,Apparel,Hoodies,AS Colour,DTG,41.17,41.17,43.17,4,Black|Pine Green|Athletic Heather|White,back|front|label_inside|sleeve_left|sleeve_right,largeCenter|leftChest|centerChest,0,True
Gildan Classic Crewneck Sweatshirt,pro_bb51620c46724d1598,Apparel,Sweatshirts,Gildan,EMBROIDERY,20.39,20.39,28.39,25,Black|Navy|Maroon|Dark Chocolate|Forest Green|Purple|Dark Heather|Charcoal|Royal|Indigo Blue|Military Green|Graphite Heather|Red|Heliconia|Orange|Heather Deep Royal|Irish Green|Carolina Blue|Gold|Light Blue|Sport Grey|Sand|Light Pink|Ash|White,embroidery_chest_left|embroidery_large_center|embroidery_wrist_left|embroidery_wrist_right|back|embroidery_chest_center,largeCenter|leftChest|centerChest,0,False
Econscious Organic Cotton Tote,pro_el-JNlFgRBSlCvR6jn0svQ,Accessories,Bags,Econscious,EMBROIDERY,21.35,21.35,21.35,2,Black|Oyster,embroidery_apparel_front|embroidery_large_center,,0,False
AS Colour Women's Classic Crop Tee,pro_LZJ-TFBKTrSeq7Db3u8_SQ,Apparel,Crop Tops,AS Colour,DTFX,18.89,18.89,20.89,5,Black|Navy|Orchid|White|Ecru,back|front|label_inside,largeCenter|leftChest|centerChest,0,True
Richardson Five-Panel Classic Rope Cap,pro_T-zU7PLHSOuspNq7MI8g3Q,Accessories,Hats,Richardson,EMBROIDERY,17.49,17.49,17.49,4,Black/White|Kelly/White|Light Blue/White|White/Black,embroidery_front|embroidery_left,,0,False
Gildan Youth Classic Tee,pro_ODh_gv0ESl6jIcRfvSww0w,Apparel,Kids Clothing,Gildan,DTG,9.69,9.69,9.69,13,Black|Navy|Royal|Charcoal|Red|Azalea|Gold|Sport Grey|Lime|Natural|Light Blue|Light Pink|White,back|front|label_inside,largeCenter|leftChest|centerChest,0,True
Yupoong Wool Blend Snapback Cap,pro_99,Accessories,Hats,Yupoong,EMBROIDERY,17.5,17.5,17.5,18,Dark Navy|Maroon|Black|Spruce|Royal Blue|Navy|Red|Dark Grey|Black/ Red|Navy/ Red|Black/ Neon Pink|Black/ Teal|Black/ Silver|Heather/Black|Heather Grey|Silver|Natural/ Black|White,embroidery_back|embroidery_front_large|embroidery_front_large|embroidery_left|embroidery_right,fullSize|fullSize,0,False
Stanley/Stella Women's Organic Hoodie,pro_v-B_3zIkT7iZMUc_OW0A9g,Apparel,Hoodies,Stanley/Stella,EMBROIDERY,40.77,40.77,42.77,6,Black|French Navy|Green Bay|Bubble Pink|Cool Heather Grey|White,embroidery_wrist_left|embroidery_wrist_right|embroidery_chest_center|embroidery_chest_left|embroidery_large_front,,0,False
AS Colour Classic Long Sleeve Tee,pro_8zM_V_iFRGSx0_PWg3P8Dw,Apparel,Long Sleeve Tees,AS Colour,DTG,25.58,25.58,29.58,5,Navy|Black|Athletic Heather|White|Ecru,back|front|label_inside|sleeve_left|sleeve_right,largeCenter|leftChest|centerChest,0,True
Rabbit Skins Baby Jersey Bodysuit,pro_B4HEEGR_TAeHjMAWo4QdXQ,Apparel,Kids Clothing,Rabbit Skins,DTG,11.29,11.29,11.29,7,Black|Royal|Red|Vintage Indigo|Pink|Ash|White,back|front,largeCenter|leftChest|centerChest,0,True
Bella+Canvas Supersoft Long Sleeve T-Shirt,pro_IAp5p98JRVazpjc7MzTBzg,Apparel,Long Sleeve Tees,Bella+Canvas,EMBROIDERY,19.66,19.66,21.66,16,Black Heather|Black|Navy|Maroon|Heather Forest|Dark Grey Heather|True Royal|Heather Navy|Heather Deep Teal|Red|Military Green|Heather Mauve|Storm|Athletic Heather|Gold|White,embroidery_large_center|embroidery_wrist_left|embroidery_wrist_right|label_inside|label_outside|back|embroidery_chest_center|embroidery_chest_left,,0,False
Independent Trading Co. Pigment Dyed Hoodie,pro_gEgxEF1dS0W8OhK8hmgulw,Apparel,Hoodies,Independent Trading Co.,DTFX,45.45,45.45,49.82,12,Pigment Black|Pigment Alpine Green|Pigment Clay|Pigment Maroon|Pigment Slate Blue|Pigment Cement|Pigment Pink|Pigment Mint|Pigment Light Blue|Pigment Sandstone|Pigment Yellow|Pigment Ivory,back|front|sleeve_left|sleeve_right,largeCenter|leftChest|centerChest,0,True
Bella+Canvas Women's Fleece Crop Hoodie,pro_yvuWMqUzSICCQFx7MDIWUw,Apparel,Crop Tops,Bella+Canvas,DTFX,33.15,33.15,33.15,7,Black|Dark Grey Heather|Military Green|Storm|Peach|Heather Dust|White,back|front|label_inside|sleeve_left|sleeve_right,largeCenter|leftChest|centerChest,0,True
Bella+Canvas Jersey Tank,pro_mwwgny37S_mMSwJklyGT5Q,Apparel,Tank Tops,Bella+Canvas,DTFX,14.2,14.2,16.2,6,Black|Navy|True Royal|Red|Athletic Heather|White,label_inside_dtf|back_dtf|front_dtf,largeCenter|leftChest|centerChest,0,True
All-Over Print Large Tote Bag w/ Pocket,pro_7f754db073634df38e,Accessories,Bags,Sublicolor,ALL_OVER_PRINT,22.95,22.95,22.95,3,Black|Red|Yellow,default|pocket,front|back|front|back|Pocket,0,False
Bella+Canvas Youth Long Sleeve T-Shirt,pro_0a6e6486e8e540b89a,Apparel,Kids Clothing,Bella+Canvas,DTG,16.49,16.49,16.49,5,Black|Navy|Red|Athletic Heather|White,back|front|label_inside,largeCenter|leftChest|centerChest,0,True
All-Over Print Recycled Unisex Basketball Jersey,pro_roBQm9LDSc2I9vFcGleuvA,Apparel,Tank Tops,Sublicolor,ALL_OVER_PRINT,21.37,21.37,31.37,1,All-Over Print,,,0,False
Next Level  Unisex Ringer T-Shirt,pro_44jlY4dLSyqO6hVPVUT91A,Apparel,T-Shirts,Next Level,DTG,14.5,14.5,18.5,5,Heather Gray / Black|Natural / Midnight Navy|Natural / Forest Green|Natural / Black|White / Black,back|front|label_inside|label_outside|sleeve_left|sleeve_right,largeCenter|leftChest|centerChest,0,True
 Lane Seven Unisex Super Heavyweight Hoodie,pro_ZF9p8G6WQ4mF4Z5y18IRxw,Apparel,Hoodies,Lane Seven,EMBROIDERY,40.7,40.7,44.7,6,Black|Chocolate Brown|Asphalt|Arona|Moss Gray|Cream,embroidery_chest_center|embroidery_chest_left|embroidery_chest_right|embroidery_large_front|embroidery_wrist_left|embroidery_wrist_right,,0,False
Under Armour® Men's Polo Shirt,pro_EyKjhgTjRKGyqKIbLNt7xw,Apparel,Polo Shirts,Under Armour,EMBROIDERY,51.95,51.95,53.95,5,Black|Navy|Forest Green|Grey|White,embroidery_chest_left|embroidery_sleeve_left_top|embroidery_sleeve_right_top,,0,False
Under Armour® Athletic T-Shirt,pro_Wt35eD3uTT6GsN0WXa3pZA,Apparel,T-Shirts,Under Armour,DTFX,26.76,26.76,28.76,4,Black|Navy|Grey|White,back_dtf|front_large_dtf|front_large_dtf|short_sleeve_right_dtf,fullSize|largeCenter|leftChest|centerChest|fullSize|largeCenter|leftChest|centerChest,0,True
Cotton Heritage Men's Premium Heavyweight Tee,pro_b2f26769820c438a95,Apparel,T-Shirts,Cotton Heritage,EMBROIDERY,17.89,17.89,23.89,7,Black|Charcoal Heather|Brick Red|Agave|Carbon Grey|Vintage Gold|White,back|embroidery_chest_center|embroidery_chest_left|embroidery_large_center|embroidery_sleeve_left_top|embroidery_sleeve_right_top|label_inside|label_outside,,0,False
AS Colour French Terry Hoodie,pro_PpTzovAMQWC_bvGw0IHh4w,Apparel,Hoodies,AS Colour,DTG,47.95,47.95,51.95,4,Black|Ink Blue|Athletic Heather|Natural,back|front|label_inside|sleeve_left|sleeve_right,largeCenter|leftChest|centerChest,0,True
Lane Seven Unisex Premium Quarter Zip Sweatshirt,pro_w9P3bRioRgOCMlzlMsO3HA,Apparel,Sweatshirts,Lane Seven,EMBROIDERY,26.5,26.5,30.5,5,Black|Navy|Smoke|Heather Grey|Sandshell,embroidery_chest_left|embroidery_chest_right|embroidery_large_back|embroidery_wrist_left|embroidery_wrist_right,,0,False
Bella+Canvas Muscle Tank,pro_3dc77725fdeb42eaba,Apparel,Tank Tops,Bella+Canvas,EMBROIDERY,19.31,19.31,21.31,2,Black|White,back|embroidery_chest_center|embroidery_chest_left|embroidery_large_center|label_inside,,0,False
Lane Seven Unisex Premium Quarter Zip Sweatshirt ,pro_dHEzLH3PTWuMlasEn48DOw,Apparel,Sweatshirts,Lane Seven,DTFX,24.75,24.75,28.75,5,Black|Navy|Smoke|Heather Grey|Sandshell,back_dtf|back_large_dtf|chest_left_dtf|label_inside_dtf|long_sleeve_left_dtf|long_sleeve_right_dtf,,0,True
AS Colour Heavy Hoodie,pro_1Usu24vTR8uxdZCaFzQlNA,Apparel,Hoodies,AS Colour,DTG,46.21,46.21,50.21,5,Black|Midnight Blue|Coal|Sand|Bone,back|front|label_inside|sleeve_left|sleeve_right,largeCenter|leftChest|centerChest,0,True
AS Colour Heavy Crewneck,pro_R2jHRGLDRcavqu3RqLgvcA,Apparel,Sweatshirts,AS Colour,DTG,41.95,41.95,45.95,4,Black|Midnight Blue|Coal|Bone,back|front|label_inside|sleeve_left|sleeve_right,largeCenter|leftChest|centerChest,0,True
All-Over Print Athletic Long Shorts,pro_fbc574b15d42494081,Apparel,Bottoms,Sublicolor,ALL_OVER_PRINT,25.95,25.95,36.47,1,All-Over Print,,,0,False
Stanley/Stella Unisex Freestyler Heavy T-shirt,pro_G6IlDOyJTxqCeNZ1XmY9ew,Apparel,T-Shirts,Stanley/Stella,DTFX,20.95,20.95,24.95,12,Black|French Navy|Dark Heather Grey|Stargazer|Kaffa Coffee|Aloe|Heather Grey|Desert Dust|Misty Jade|Cool Heather Grey|White|Natural Raw,back|front|label_inside|sleeve_left|sleeve_right,largeCenter|leftChest|centerChest,0,True
AS Colour Unisex Relax Faded Hood,pro_YEvmJr_pRGO3wi-j2T_xtg,Apparel,Hoodies,AS Colour,DTG,41.75,41.75,45.75,5,Faded Black|Faded Grey|Faded Powder|Faded Bone|Faded Ecru,back|front|label_inside|sleeve_left|sleeve_right,largeCenter|leftChest|centerChest,0,True
All-Over Print Recycled Unisex Hoodie,pro_d0e6b02bd9c940cc95,Apparel,Hoodies,Sublicolor,ALL_OVER_PRINT,39.99,39.99,43.0,1,All-Over Print,back|front|hood|label_inside|label_panel|pocket|sleeve_left|sleeve_right,largeCenter|leftChest|centerChest|fullSize|largeCenter|leftChest|centerChest|fullSize|largeCenter|leftChest|centerChest,0,False
Stanley/Stella Unisex Organic Relaxed Hoodie,pro_kh1njiaqTGWX35rd9vVWlw,Apparel,Hoodies,Stanley/Stella,EMBROIDERY,47.93,47.93,49.93,4,Black|French Navy|Heather Grey|White,back_large|embroidery_chest_center|embroidery_chest_left|embroidery_large_front|embroidery_wrist_left|embroidery_wrist_right|label_inside,,0,False
Knitted V-Neck Vest,pro_FZD2mAbLTLaGckQjmYi-6Q,Apparel,Sweaters,Knitwise,KNITTING,34.0,34.0,34.0,1,Knitted,default,front|back,0,False
All-Over Print Women's Pajama Pants,pro_ZdlBhuysRKSxpV4fnf9VlQ,Apparel,Sleepwear,Sublicolor,SUBLIMATION,27.99,27.99,29.99,2,Black|White,front|label_inside|back,,0,False
Gildan Unisex Softstyle T-Shirt,pro_Evll-pjOShWJUUk8AW5cVw,Apparel,T-Shirts,Gildan,DTFX,9.5,9.5,13.5,7,Black|Navy|Cardinal Red|Dark Heather|Heather Irish Green|Sport Grey|White,back|front|label_inside|sleeve_left|sleeve_right,largeCenter|leftChest|centerChest,0,True
AS Colour French Terry Crewneck,pro_moPcvJ-TSIK2KiHUp2c3AQ,Apparel,Sweatshirts,AS Colour,DTG,49.83,49.83,53.83,3,Black|Ink Blue|Athletic Heather,back|front|label_inside|sleeve_left|sleeve_right,largeCenter|leftChest|centerChest,0,True
Independent Trading Co. Pigment Dyed Joggers,pro_5e83ed05a7d7439d90,Apparel,Bottoms,Independent Trading Co.,EMBROIDERY,46.9,46.9,48.9,6,Pigment Black|Pigment Alpine Green|Pigment Maroon|Pigment Slate Blue|Pigment Pink|Pigment Light Blue,embroidery_apparel_front,,0,False
Knitted Crewneck Sweater Relaxed Fit,pro_zynN-e8yRbOveJBiz10Hxw,Apparel,Sweaters,Knitwise,KNITTING,39.0,39.0,39.0,1,Knitted,default,front|back|rightSleeve|leftSleeve,0,False
All-Over Print Crossbody Bag,pro_yGJPEae6RBCGe4XCiAXmgQ,Accessories,Bags,Generic,SUBLIMATION,35.62,35.62,35.62,2,Black|White,back|label_inside|front,,0,False
All-Over Print Recycled Hockey Fan Jersey,pro_XEiJj0okRsKaQCItso_FoA,Apparel,Long Sleeve Tees,Sublicolor,SUBLIMATION,32.59,32.59,42.59,1,White,back|front|label_inside|label_outside,fullSize|largeCenter|leftChest|centerChest,0,False
Independent Trading Co. Men's Fleece Shorts,pro_2e72c3fc0a18466baf,Apparel,Bottoms,Independent Trading Co.,DTG,25.95,25.95,27.95,3,Black|Heather Grey|White,leg_back_left|leg_back_right|leg_front_left|leg_front_right,,0,True
Wrapping Paper Sheets (3),pro_GOXfR9Q0QkyTcaH6lW0GMw,Home & Living,Holiday,Allcolor,PRINTED,9.13,9.13,9.13,1,White Matte,,,0,False
Lane Seven Premium Pullover Hoodie,pro_pi3PYsMUSWSDWVcMMYMvcg,Apparel,Hoodies,Lane Seven,DTFX,23.25,23.25,27.25,8,Black|Navy|Charcoal Heather|Royal|Red|Heather Grey|Oatmeal Heather|White,back|front|label_inside|sleeve_left|sleeve_right,largeCenter|leftChest|centerChest,0,True
AS Colour Relax Faded Crew,pro_rzL9B-YlS0SS7Fe0UJ8GsQ,Apparel,Sweatshirts,AS Colour,DTG,35.23,35.23,39.23,3,Black|Faded Grey|Faded Bone,back|front|label_inside|sleeve_left|sleeve_right,largeCenter|leftChest|centerChest,0,True
All-Over Print Slip Dress,pro_4ZeCol9JSD-UFXXEKu0oDw,Apparel,Dresses,Sublicolor,SUBLIMATION,34.95,34.95,36.95,2,Black|White,,,0,False
Cotton Heritage Premium Sweatshirt,pro_b257653b05f9454084,Apparel,Sweatshirts,Cotton Heritage,EMBROIDERY,26.95,26.95,30.95,19,Black|Navy Blazer|Charcoal Heather|Vintage Black|Team Royal|Forest Green|Cardinal|Team Red|Adobe|Latte|Khaki|Dusty Rose|Carbon Grey|Agave|Light Pink|Lavender|Bone|Sky Blue|White,back|embroidery_chest_center|embroidery_chest_left|embroidery_large_center|embroidery_wrist_left|embroidery_wrist_right|label_inside,largeCenter|leftChest|centerChest,0,False
Stanley/Stella Unisex Organic Oversized Sweatshirt,pro_er0JiWjzS22uauZb_67b3g,Apparel,Sweatshirts,Stanley/Stella,DTFX,40.02,40.02,42.02,4,Black|French Navy|Heather Grey|White,back_large_dtf|back_large_dtf|front_large_dtf|front_large_dtf|long_sleeve_left_dtf|long_sleeve_right_dtf,fullSize|largeCenter|leftChest|centerChest|fullSize|largeCenter|leftChest|centerChest,0,True
Stanley/Stella Unisex Organic Hoodie,pro_HhrNrjtxSgimmFYjfMgeEw,Apparel,Hoodies,Stanley/Stella,DTG,35.94,35.94,37.94,7,Black|French Navy|Dark Heather Grey|Anthracite|Desert Dust|Heather Grey|White,back_large|back_large|front|label_outside|sleeve_left|sleeve_right,fullSize|largeCenter|leftChest|centerChest,0,True
Comfort Colors Unisex Garment-Dyed Sweatshirt,pro_mMtT1jHuQ5SX37VNiAhzBg,Apparel,Sweatshirts,Comfort Colors,EMBROIDERY,32.99,32.99,36.99,15,True Navy|Pepper|Blue Spruce|Denim|Flo Blue|Crimson|Blue Jean|Watermelon|Grey|Violet|Light Green|Seafoam|Orchid|Butter|White,embroidery_chest_center|embroidery_chest_left|embroidery_large_front|embroidery_wrist_left|embroidery_wrist_right,largeCenter|leftChest|centerChest,0,False
Comfort Colors Unisex Garment-Dyed Sweatshirt,pro_SOXwsLuvR4KUznMUlwpTtg,Apparel,Sweatshirts,Comfort Colors,DTG,30.44,30.44,34.44,15,True Navy|Pepper|Blue Spruce|Denim|Flo Blue|Crimson|Blue Jean|Watermelon|Grey|Violet|Light Green|Seafoam|Orchid|Butter|White,back_large|back_large|embroidery_wrist_left|embroidery_wrist_right|front_large|front_large|label_outside|sleeve_left|sleeve_right,fullSize|largeCenter|leftChest|centerChest|fullSize|largeCenter|leftChest|centerChest,0,True
All-Over Print Unisex Wide-Leg Joggers,pro_jsr5O7oDSh2gNRQ8EmV8Vw,Apparel,Bottoms,Sublicolor,SUBLIMATION,39.73,39.73,49.73,1,All-Over Print,back|front|label_inside|label_outside,,0,False
SOL'S Unisex Organic Sweatshirt,pro_4932ab400111449b9b,Apparel,Sweatshirts,SOL'S,DTG,26.4,26.4,28.4,8,Black|Bottle Green|Deep Charcoal Grey|French Navy|Royal Blue|Red|Grey Melange|White,back|embroidery_wrist_left|embroidery_wrist_right|front|label_outside|sleeve_left|sleeve_right,fullSize|largeCenter|leftChest|centerChest,0,True
SOL'S Unisex Sports Jersey,pro_9NQO8csiQPKQLSvGHwROkg,Apparel,T-Shirts,SOL'S,DTFX,14.65,14.65,16.65,7,Black|French Navy|Royal Blue|Red|Neon Orange|Neon Yellow|White,label_inside_dtf|short_sleeve_left_dtf|short_sleeve_right_dtf|back_dtf|front_dtf,largeCenter|leftChest|centerChest,0,True
Comfort Colors Unisex Garment-Dyed Fleece Sweatpants,pro_dJgqxAvjROmnEouxN0jiDw,Apparel,Bottoms,Comfort Colors,EMBROIDERY,32.95,32.95,34.95,6,Pepper|Espresso|Blue Jean|Peachy|Hydrangea|Ivory,embroidery_apparel_front,,0,False
SOL'S Unisex Organic Sweatshirt,pro_mduIEvApQZmeIOT-5j0GFA,Apparel,Sweatshirts,SOL'S,DTFX,26.4,26.4,28.4,8,Black|Bottle Green|Deep Charcoal Grey|French Navy|Royal Blue|Red|Grey Melange|White,back_dtf|back_large_dtf|front_dtf|front_large_dtf|label_inside_dtf,fullSize|largeCenter|leftChest|centerChest|largeCenter|leftChest|centerChest,0,True
SOL'S Unisex Sports Jersey,pro_RpzI1gR0SiqSUhlQ_xMYTQ,Apparel,T-Shirts,SOL'S,EMBROIDERY,16.25,16.25,18.95,7,Black|French Navy|Royal Blue|Red|Neon Orange|Neon Yellow|White,embroidery_sleeve_right_top|embroidery_chest_center|embroidery_chest_left|embroidery_large_center|embroidery_sleeve_left_top,largeCenter|leftChest|centerChest,0,False
Women's Lace-Up Canvas Shoes,pro_Q9e5DV4QScqg0brrc_GVVg,Accessories,Shoes,Allcolor,SUBLIMATION,42.0,42.0,42.0,1,White,,,0,False
All-Over Print Women's Short Sleeve Pajama Top,pro_dlwYP4cPSU686r92tQtfeg,Apparel,Sleepwear,Sublicolor,SUBLIMATION,26.99,26.99,28.99,2,Black|White,front|label_inside|pocket|back,,0,False
Stanley/Stella Unisex Organic Oversized Sweatshirt,pro_Lmt59F6TQWS2n62-UzTuMQ,Apparel,Sweatshirts,Stanley/Stella,EMBROIDERY,40.99,40.99,42.99,4,Black|French Navy|Heather Grey|White,embroidery_chest_center|embroidery_chest_left|embroidery_large_front|embroidery_wrist_left|embroidery_wrist_right,largeCenter|leftChest|centerChest,0,False
Stanley/Stella Unisex Organic Relaxed Hoodie,pro_z25FjC-LRPiu95zIY5RAYQ,Apparel,Hoodies,Stanley/Stella,DTG,46.14,46.14,48.14,4,Black|French Navy|Heather Grey|White,back_large|back_large|front|label_inside|label_outside|sleeve_left|sleeve_right,fullSize|largeCenter|leftChest|centerChest,0,True
All-Over Print Women's Tank Top,pro_0cf324babe944c9d8a,Apparel,Tank Tops,Sublicolor,ALL_OVER_PRINT,20.35,20.35,20.35,1,All-Over Print,,,0,False
All-Over Print Premium Basketball Jersey,pro_cq-C_0zhR3y5UEY6vAynQQ,Apparel,Activewear,Sublicolor,ALL_OVER_PRINT,30.59,30.59,40.59,1,All-Over Print,front|back,,0,False
All-Over Print Men's Recycled Short Sleeve Rash Guard,pro_xRCYM5gQRNe9GyykaJC0AA,Apparel,T-Shirts,Sublicolor,ALL_OVER_PRINT,33.75,33.75,43.75,1,All-Over Print,back|front|label_inside,,0,False
 Gildan Unisex Pique Polo Shirt,pro_ViqUJu3STUSa5AcLUI1u9Q,Apparel,Polo Shirts,Gildan,EMBROIDERY,18.29,18.29,24.29,4,Black|Navy|Sport Grey|White,embroidery_chest_left|embroidery_large_center|embroidery_sleeve_left_top|embroidery_sleeve_right_top,,0,False
Under Armour® Backpack,pro_nncKtxfKQzar4Q-3ZoPtng,Accessories,Bags,Under Armour,EMBROIDERY,63.37,63.37,63.37,3,Black|Midnight Navy|Castlerock,embroidery_apparel_front,,0,False
Rabbit Skins Baby Jersey Bodysuit,pro_VN8F6NmHR6e7rA_GH8Vs0Q,Apparel,Kids Clothing,Rabbit Skins,EMBROIDERY,14.29,14.29,14.29,7,Black|Royal|Red|Vintage Indigo|Pink|Ash|White,embroidery_chest_center,,0,False
Richardson Five-Panel Classic Rope Cap,pro_qdrxJKTSRzCuL6VP-hQXuA,Accessories,Hats,Richardson,DTFX,15.99,15.99,15.99,4,Black/White|Kelly/White|Light Blue/White|White/Black,front_dtf_hat,,0,True
Men's Slip-On Canvas Shoes,pro_KzN7L-YbSTa3lK2SyO_WWA,Accessories,Shoes,Allcolor,SUBLIMATION,44.0,44.0,44.0,1,White,,,0,False
Rabbit Skins Baby Jersey T-Shirt,pro_TjVA7rwDSyeA3XvMwNoZ8w,Apparel,Kids Clothing,Rabbit Skins,DTG,10.29,10.29,10.29,6,Black|Royal|Charcoal|Pink|Light Blue|White,back|front,largeCenter|leftChest|centerChest,0,True
All-Over Print Neck Gaiter,pro_702a01e5c3db45619b,Accessories,Face Masks,Sublicolor,ALL_OVER_PRINT,9.95,9.95,9.95,1,All-Over Print,default,,0,True
Clear Tote Bag,pro_wLyT-xtrQDipnNDm1yhl5A,Accessories,Bags,Sublicolor,UV,18.25,18.25,18.25,1,All-over print,,,0,False
Die-Cut Stickers,pro_Lb6UCK4GSZG78aY5iN4cFQ,Accessories,Stickers,Allcolor,STICKER,3.78,3.78,5.96,1,Satin,,,0,False
Comfort Colors Unisex Garment-Dyed Hooded Sweatshirt,pro_FPfWLV5wSiSgx8tneTwaHQ,Apparel,Hoodies,Comfort Colors,DTG,39.95,39.95,43.95,11,True Navy|Pepper|Blue Spruce|Denim|Flo Blue|Crimson|Blue Jean|Grey|Light Green|Seafoam|White,back|front|label_outside|sleeve_left|sleeve_right,largeCenter|leftChest|centerChest,0,True
All-Over Print Women's Athletic T-Shirt,pro_ce1007d39ab84161b7,Apparel,T-Shirts,Sublicolor,ALL_OVER_PRINT,29.53,29.53,33.53,1,White,,,0,False
Kiss-Cut Vinyl Decals,pro_9AVXuRf8QaiM14mai5ZcWQ,Accessories,Stickers,Allcolor,STICKER,1.21,1.21,7.65,1,Satin,,,0,False
Area Rug,pro_lLYMnccJTqOijMduWMT-fA,Home & Living,Accessories,Allcolor,SUBLIMATION,24.06,24.06,75.25,1,All-over print,,,0,False
All-Over Print Boxy Football Jersey,pro_uy7i3MqjSEaopfV2uHojGw,Apparel,T-Shirts,Sublicolor,SUBLIMATION,37.0,37.0,47.0,1,All-Over Print,,,0,False
Cotton Heritage Men's Box Tee,pro_1s7gYHiTStKJWTlEZlOW9A,Apparel,T-Shirts,Cotton Heritage,EMBROIDERY,20.25,20.25,26.25,5,Black|Navy Blazer|Vintage Black|Vintage White|White,embroidery_sleeve_left_top|embroidery_sleeve_right_top|embroidery_chest_center|embroidery_chest_left|embroidery_large_front,largeCenter|leftChest|centerChest,0,False
Travel Mug with a Handle,pro_6VB0qAOWR42Kwu5TnYEZuw,Drinkware,Coffee Mugs,Allcolor,SUBLIMATION,22.1,22.1,23.2,1,White,default,,0,False
AS Colour Unisex Relax Crew Neck Sweatshirt,pro_b510WoZLQmSUrHUU1gOc_w,Apparel,Sweatshirts,AS Colour,DTG,32.5,32.5,36.5,5,Black|Cypress|Shadow|Athletic Heather|Bone,back|back_large|front_large|front_large|label_outside|sleeve_left|sleeve_right,fullSize|largeCenter|leftChest|centerChest|fullSize|largeCenter|leftChest|centerChest,0,True
AS Colour Unisex Premium Relaxed Hoodie,pro_HFDBXZyxRou7uyx6B-wWAA,Apparel,Hoodies,AS Colour,EMBROIDERY,41.24,41.24,45.24,11,Black|Pine Green|Cobalt|Chestnut|Clay|Cypress|Sand|Carolina Blue|Athletic Heather|White Heather|White,back|embroidery_chest_center|embroidery_chest_left|embroidery_large_front|embroidery_wrist_left|embroidery_wrist_right,,0,False
Beach Towel,pro_4eca61554bd446bd8a,Accessories,Towels,Allcolor,SUBLIMATION,28.82,28.82,31.89,1,White,default,,0,False
Champion Relaxed-Fit T-Shirt,pro_ydmlwrSpSWK7L_T_0rXpFg,Apparel,T-Shirts,Champion,DTG,22.86,22.86,24.86,3,Black|Navy|White,back|front|sleeve_right,fullSize|largeCenter|leftChest|centerChest,0,True
All-Over Print Flare Leggings,pro_9v_VJMjDRbOkx0IxCvxtyQ,Apparel,Bottoms,Sublicolor,SUBLIMATION,29.53,29.53,39.53,1,White,back|belt_back|belt_front|front|label_inside|pocket,,0,False
All-Over Print Bandana,pro_7N9YvQIBSSavluOVj3VAfQ,Accessories,Hair Accessories,Sublicolor,SUBLIMATION,10.15,10.15,10.15,1,White,label_inside|front,,0,False
Comfort Colors Unisex Garment-Dyed Fleece Sweatpants,pro_WrNMrEOORiS3V5hA8Bz4OA,Apparel,Bottoms,Comfort Colors,DTG,29.95,29.95,31.95,6,Pepper|Espresso|Blue Jean|Peachy|Hydrangea|Ivory,leg_back_left|leg_back_right|leg_front_left|leg_front_right,,0,True
Wooden Ornaments,pro_TjNgDaCKRS2Qacitg87Pbg,Home & Living,Accessories,Sublicolor,SUBLIMATION,8.21,8.21,8.21,1,Wood,,,0,False
Comfort Colors Unisex Garment-Dyed Pocket T-Shirt,pro_6-zjqRfMQF-5wR-9AVz2NQ,Apparel,T-Shirts,Comfort Colors,EMBROIDERY,22.37,22.37,22.37,11,Black|True Navy|Red|Brick|Berry|Flo Blue|Watermelon|Grey|Violet|Butter|White,embroidery_large_center|embroidery_sleeve_left_top|embroidery_sleeve_right_top,,0,False
Clear Case for iPhone®,pro_181,Accessories,Phone Accessories,Allcolor,SUBLIMATION,10.95,10.95,10.95,1,All-Over Print,,,0,False
Comfort Colors Unisex Garment-Dyed Long Sleeve Shirt,pro_dYdJWPXgROCj0IaEHR8VPA,Apparel,Long Sleeve Tees,Comfort Colors,DTG,19.62,19.62,23.62,7,Black|Navy|Blue Jean|Grey|Violet|Light Green|White,back|front|front_large|label_outside|sleeve_left|sleeve_right,largeCenter|leftChest|centerChest|largeCenter|leftChest|centerChest,0,True
Laptop Sleeve,pro_20fbecd2f2914d29ba,Accessories,Laptop Sleeve,Allcolor,SUBLIMATION,21.16,21.16,23.2,1,All-Over Print,default,front,0,True
All-Over Print Swim Trunks,pro_b651e4747029439e88,Apparel,Swimwear,Sublicolor,ALL_OVER_PRINT,35.65,35.65,45.65,1,All-Over Print,,,0,False
 Stanley/Stella Unisex Garment Dyed T-Shirt ,pro_9blvEXZBR0266WsyzhglhQ,Apparel,T-Shirts,Stanley/Stella,DTG,17.25,17.25,21.25,7,G. Dyed Black Rock|G. Dyed Deep Teal|G. Dyed Anthracite|G. Dyed Kaffa Coffee|G. Dyed Green Bay|G. Dyed Misty Grey|G. Dyed Stone,label_outside|sleeve_left|sleeve_right|back_large|front_large,largeCenter|leftChest|centerChest,0,True
Valucap Youth Biowashed Dad Hat,pro_f21d84b83fd24f21b2,Accessories,Hats,Valucap,EMBROIDERY,16.25,16.25,16.25,9,Black|Navy|Royal|Red|Baby Blue|Grey|Khaki|Light Pink|White,embroidery_front|embroidery_left|embroidery_right|embroidery_back,,0,False
Garden Flag,pro_8ULc2oZITRKO0d9viilMFg,Accessories,Flags,Sublicolor,SUBLIMATION,8.67,8.67,8.67,1,White,back|front,,0,False
Greeting Card,pro_7e0b6faa756c4fea88,Accessories,Standard Postcard,Allcolor,SUBLIMATION,2.5,2.5,3.5,1,White,,,0,False
